rank,employer,proxy_score,selection_bucket,corporate_subtype,public_subtype,city_location,website,sources,source_count,it_relevance_score,scale_institutional_proxy,data_confidence_score,penalty,employer_group_key,selection_reason,caveats,review_status
1,Accenture AG,100,Corporate / institutional IT,General corporate,,8152 Glattbrugg; Canton of Zurich; Zürich,https://www.accenture.com/ch-e,digitalswitzerland; Swico; Swiss Medtech; swisscleantech; swissICT; Swissrail,6,100,100,100,0,accenture,"IT/digital directories: Swico, digitalswitzerland, swissICT; High-tech directories: Swiss Medtech, Swissrail, swisscleantech; Recognisable large-employer signal; Confirmed by 6 independent directories; Website available",Current hiring activity not yet verified,Selected — careers page and hiring verification pending
2,CSEM,100,Corporate / institutional IT,Pharma / life sciences,,Canton of Neuenburg; Neuchâtel,https://www.csem.ch/,digitalswitzerland; Swiss Biotech Association; Swiss Medtech; Swissolar; Swissphotonics,5,100,100,100,0,csem,"IT/digital directories: digitalswitzerland; High-tech directories: Swiss Biotech Association, Swiss Medtech, Swissolar, Swissphotonics; Recognisable large-employer signal; Confirmed by 5 independent directories; Website available",Current hiring activity not yet verified,Selected — careers page and hiring verification pending
3,Deloitte AG,100,Corporate / institutional IT,Finance / insurance,,8005 Zürich; 8022 Zurich; Canton of Zurich; Zürich,https://www.deloitte.com/ch/de.html,Swico; Swiss Banking; Swiss Biotech Association; Swiss Medtech; swisscleantech,5,100,100,100,0,deloitte,"IT/digital directories: Swico; Institutional signal: Swiss Banking; High-tech directories: Swiss Biotech Association, Swiss Medtech, swisscleantech; Recognisable large-employer signal; Confirmed by 5 independent directories; Website available",Current hiring activity not yet verified,Selected — careers page and hiring verification pending
4,Ecole polytechnique fédérale de Lausanne (EPFL),100,Corporate / institutional IT,Public / education / healthcare,Major higher education,Neuchâtel,https://www.epfl.ch/,Swissolar; swissuniversities,2,100,100,100,0,epfl,Institutional signal: swissuniversities; High-tech directories: Swissolar; Recognisable large-employer signal; Public/institutional IT-employer signal; Confirmed by 2 independent directories; Website available,Current hiring activity not yet verified,Selected — careers page and hiring verification pending
5,Switzerland Global Enterprise,100,Corporate / institutional IT,General corporate,,Canton of Zurich; Zürich,https://www.s-ge.com/,digitalswitzerland; Swiss Aerospace Cluster; Swiss Medtech; swissICT,4,100,100,100,0,switzerland global enterprise,"IT/digital directories: digitalswitzerland, swissICT; High-tech directories: Swiss Aerospace Cluster, Swiss Medtech; Recognisable large-employer signal; Confirmed by 4 independent directories; Website available",Current hiring activity not yet verified,Selected — careers page and hiring verification pending
6,Thurgauer Kantonalbank,100,Corporate / institutional IT,Finance / insurance,,8570 Weinfelden; Thurgau; Weinfelden,http://www.tkb.ch/,FINMA; Swiss Banking; swisscleantech; swissICT,4,100,100,100,0,cantonal-bank:thurgauer kantonalbank,"IT/digital directories: swissICT; Institutional signal: FINMA, Swiss Banking; High-tech directories: swisscleantech; Recognisable large-employer signal; Confirmed by 4 independent directories; Website available",Current hiring activity not yet verified,Selected — careers page and hiring verification pending
7,Zürcher Kantonalbank,100,Corporate / institutional IT,Finance / insurance,,8002 Zurich; Zürich,http://www.zkb.ch/,asut; FINMA; Swiss Banking; swissICT,4,100,100,100,0,cantonal-bank:zurcher kantonalbank,"IT/digital directories: asut, swissICT; Institutional signal: FINMA, Swiss Banking; Recognisable large-employer signal; Confirmed by 4 independent directories; Website available",Current hiring activity not yet verified,Selected — careers page and hiring verification pending
8,Aargauische Kantonalbank,99.8,Corporate / institutional IT,Finance / insurance,,5001 Aarau; Aarau; Aarau 1,http://www.akb.ch/,FINMA; Swiss Banking; swissICT,3,100,100,99,0,cantonal-bank:aargauische kantonalbank,"IT/digital directories: swissICT; Institutional signal: FINMA, Swiss Banking; Recognisable large-employer signal; Confirmed by 3 independent directories; Website available",Current hiring activity not yet verified,Selected — careers page and hiring verification pending
9,Basellandschaftliche Kantonalbank,99.8,Corporate / institutional IT,Finance / insurance,,4410 Liestal; Liestal,http://www.blkb.ch/,FINMA; Swiss Banking; swissICT,3,100,100,99,0,cantonal-bank:basellandschaftliche kantonalbank,"IT/digital directories: swissICT; Institutional signal: FINMA, Swiss Banking; Recognisable large-employer signal; Confirmed by 3 independent directories; Website available",Current hiring activity not yet verified,Selected — careers page and hiring verification pending
10,Flughafen Zürich AG,99.8,Corporate / institutional IT,Public / education / healthcare,Public / healthcare / infrastructure,Zürich; Zürich-Flughafen,http://www.flughafen-zuerich.ch,asut; swisscleantech; swissICT,3,100,100,99,0,flughafen zurich,"IT/digital directories: asut, swissICT; High-tech directories: swisscleantech; Recognisable large-employer signal; Public/institutional IT-employer signal; Confirmed by 3 independent directories; Website available",Current hiring activity not yet verified,Selected — careers page and hiring verification pending
11,Luzerner Kantonalbank AG,99.8,Corporate / institutional IT,Finance / insurance,,6002 Luzern; Luzern,http://www.lukb.ch/,FINMA; Swiss Banking; swissICT,3,100,100,99,0,cantonal-bank:luzerner kantonalbank,"IT/digital directories: swissICT; Institutional signal: FINMA, Swiss Banking; Recognisable large-employer signal; Confirmed by 3 independent directories; Website available",Current hiring activity not yet verified,Selected — careers page and hiring verification pending
12,Migros Bank AG,99.8,Corporate / institutional IT,Finance / insurance,,8021 Zurich; Zürich,http://www.migrosbank.ch/,FINMA; Swiss Banking; swissICT,3,100,100,99,0,migros,"IT/digital directories: swissICT; Institutional signal: FINMA, Swiss Banking; Recognisable large-employer signal; Confirmed by 3 independent directories; Website available",Current hiring activity not yet verified,Selected — careers page and hiring verification pending
13,UBS AG,99.8,Corporate / institutional IT,Finance / insurance,,Zürich,http://www.ubs.com,asut; digitalswitzerland; FINMA,3,100,100,99,0,ubs,"IT/digital directories: asut, digitalswitzerland; Institutional signal: FINMA; Recognisable large-employer signal; Confirmed by 3 independent directories; Website available",Current hiring activity not yet verified,Selected — careers page and hiring verification pending
14,Zuger Kantonalbank,99.8,Corporate / institutional IT,Finance / insurance,,6301 Zug; Zug,http://www.zugerkb.ch/,FINMA; Swiss Banking; swissICT,3,100,100,99,0,cantonal-bank:zuger kantonalbank,"IT/digital directories: swissICT; Institutional signal: FINMA, Swiss Banking; Recognisable large-employer signal; Confirmed by 3 independent directories; Website available",Current hiring activity not yet verified,Selected — careers page and hiring verification pending
15,ABB Schweiz AG,99.7,Corporate / institutional IT,General corporate,,Aargau; Baden; Schaffhausen,https://www.abb.com,asut; swisscleantech; Swissmem; Swissrail,4,100,99,100,0,abb,"IT/digital directories: asut; High-tech directories: Swissmem, Swissrail, swisscleantech; Recognisable large-employer signal; Confirmed by 4 independent directories; Website available",Current hiring activity not yet verified,Selected — careers page and hiring verification pending
16,Huawei Technologies Switzerland AG,99.7,Corporate / institutional IT,General corporate,,3097 Liebefeld; 8600 Dübendorf; Liebefeld,http://www.huawei.com,asut; Swico; swissICT; Swissmem; Swissolar,5,100,99,100,0,huawei,"IT/digital directories: Swico, asut, swissICT; High-tech directories: Swissmem, Swissolar; Recognisable large-employer signal; Confirmed by 5 independent directories; Website available",Current hiring activity not yet verified,Selected — careers page and hiring verification pending
17,BDO AG,98.8,Corporate / institutional IT,Finance / insurance,,8005 Zurich; Solothurn,http://www.bdo.ch/,Swiss Banking; Swiss Made Software; swissICT,3,100,100,94,0,bdo,"IT/digital directories: Swiss Made Software, swissICT; Institutional signal: Swiss Banking; Recognisable large-employer signal; Confirmed by 3 independent directories; Website available",Current hiring activity not yet verified,Selected — careers page and hiring verification pending
18,Ernst & Young AG,98.8,Corporate / institutional IT,Finance / insurance,,4002 Basel,http://www.ey.com/,digitalswitzerland; Swiss Banking; Swiss Biotech Association,3,100,100,94,0,ernst & young,IT/digital directories: digitalswitzerland; Institutional signal: Swiss Banking; High-tech directories: Swiss Biotech Association; Recognisable large-employer signal; Confirmed by 3 independent directories; Website available,Current hiring activity not yet verified,Selected — careers page and hiring verification pending
19,ETH Zürich,98.8,Corporate / institutional IT,Public / education / healthcare,Public / healthcare / infrastructure,Canton of Zurich; Zürich,https://ethz.ch/,asut; Swiss Medtech; swissICT,3,100,100,94,0,eth,"IT/digital directories: asut, swissICT; High-tech directories: Swiss Medtech; Recognisable large-employer signal; Public/institutional IT-employer signal; Confirmed by 3 independent directories; Website available",Current hiring activity not yet verified,Selected — careers page and hiring verification pending
20,Siemens Schweiz AG,98,Corporate / institutional IT,General corporate,,8047 Zürich; Zug; Zürich,https://www.siemens.ch,Swico; swisscleantech; Swissmem,3,100,94,99,0,siemens,"IT/digital directories: Swico; High-tech directories: Swissmem, swisscleantech; Recognisable large-employer signal; Confirmed by 3 independent directories; Website available",Current hiring activity not yet verified,Selected — careers page and hiring verification pending
21,Die Schweizerische Post AG,97.6,Corporate / institutional IT,General corporate,,3030 Bern; Bern; Bern-Zollikofen,http://www.post.ch,asut; Swico; swisscleantech; swissICT,4,100,92,100,0,schweizerische post,"IT/digital directories: Swico, asut, swissICT; High-tech directories: swisscleantech; Recognisable large-employer signal; Confirmed by 4 independent directories; Website available",Current hiring activity not yet verified,Selected — careers page and hiring verification pending
22,KPMG AG,97.2,Corporate / institutional IT,Finance / insurance,,8036 Zurich; Zürich,http://www.kpmg.ch/,Swiss Banking; swissICT,2,100,100,86,0,kpmg,IT/digital directories: swissICT; Institutional signal: Swiss Banking; Recognisable large-employer signal; Confirmed by 2 independent directories; Website available,Current hiring activity not yet verified,Selected — careers page and hiring verification pending
23,Swissgrid AG,97.2,Corporate / institutional IT,Public / education / healthcare,Public / healthcare / infrastructure,Aarau,http://www.swissgrid.ch,asut; swissICT,2,100,100,86,0,swissgrid,"IT/digital directories: asut, swissICT; Recognisable large-employer signal; Public/institutional IT-employer signal; Confirmed by 2 independent directories; Website available",Current hiring activity not yet verified,Selected — careers page and hiring verification pending
24,Endress+Hauser Flowtec AG,96.5,Corporate / institutional IT,General corporate,,Reinach; Reinach BL,https://www.endress.com,swissICT; Swissmechanic; Swissmem,3,100,89,99,0,endress+hauser,"IT/digital directories: swissICT; High-tech directories: Swissmechanic, Swissmem; Recognisable large-employer signal; Confirmed by 3 independent directories; Website available",Current hiring activity not yet verified,Selected — careers page and hiring verification pending
25,Microsoft Schweiz GmbH,96.4,Corporate / institutional IT,General corporate,,8058 Zürich-Flughafen; Zürich-Flughafen,http://www.microsoft.ch,asut; Swico; swissICT,3,100,92,94,0,microsoft,"IT/digital directories: Swico, asut, swissICT; Recognisable large-employer signal; Confirmed by 3 independent directories; Website available",Current hiring activity not yet verified,Selected — careers page and hiring verification pending
26,SAP (Schweiz) AG,96.4,Corporate / institutional IT,General corporate,,2504 Biel/Bienne; 8058 Zürich; Zürich,http://www.sap.com,asut; Swico; swissICT,3,100,92,94,0,sap,"IT/digital directories: Swico, asut, swissICT; Recognisable large-employer signal; Confirmed by 3 independent directories; Website available",Current hiring activity not yet verified,Selected — careers page and hiring verification pending
27,Schweizerische Mobiliar Versicherungsgesellschaft AG,96.4,Corporate / institutional IT,Finance / insurance,,Bern; Zürich,https://swiss-aerospace-cluster.ch/portfolio-item/mobiliar/,FINMA; Swiss Aerospace Cluster; swisscleantech; swissICT,4,100,88,100,0,mobiliar,"IT/digital directories: swissICT; Institutional signal: FINMA; High-tech directories: Swiss Aerospace Cluster, swisscleantech; Recognisable large-employer signal; Confirmed by 4 independent directories; Website available",Current hiring activity not yet verified,Selected — careers page and hiring verification pending
28,Emmi Schweiz AG,96.2,Corporate / institutional IT,General corporate,,Emmen; Kirchberg BE; Luzern; Ostermundigen,http://www.emmi.com/,swisscleantech; swissICT; Swissmechanic,3,100,88,99,0,emmi,"IT/digital directories: swissICT; High-tech directories: Swissmechanic, swisscleantech; Recognisable large-employer signal; Confirmed by 3 independent directories; Website available",Current hiring activity not yet verified,Selected — careers page and hiring verification pending
29,Coop Genossenschaft,95.9,Corporate / institutional IT,General corporate,,Basel; Basel-Stadt,http://www.coop.ch,asut; swisscleantech; swissICT,3,100,87,99,0,coop,"IT/digital directories: asut, swissICT; High-tech directories: swisscleantech; Recognisable large-employer signal; Confirmed by 3 independent directories; Website available",Current hiring activity not yet verified,Selected — careers page and hiring verification pending
30,Sunrise GmbH,95.9,Corporate / institutional IT,General corporate,,8152 Glattpark(Opfikon); 8304 Wallisellen; Zürich,http://www.sunrise.ch,asut; Swico; swisscleantech,3,100,87,99,0,sunrise,"IT/digital directories: Swico, asut; High-tech directories: swisscleantech; Recognisable large-employer signal; Confirmed by 3 independent directories; Website available",Current hiring activity not yet verified,Selected — careers page and hiring verification pending
31,Sulzer Management AG,95.5,Corporate / institutional IT,General corporate,,Winterthur,https://www.sulzer.com,asut; swissICT; Swissmem,3,100,89,94,0,sulzer,"IT/digital directories: asut, swissICT; High-tech directories: Swissmem; Recognisable large-employer signal; Confirmed by 3 independent directories; Website available",Current hiring activity not yet verified,Selected — careers page and hiring verification pending
32,Swisscom (Schweiz) AG,95.2,Corporate / institutional IT,General corporate,,3050 Bern; 3063 Ittigen; 6005 Luzern; 8005 Zürich; 8021 Zürich 1; Bern,https://www.swisscom.ch/de/business.html,Swico; swissICT; Swissrail,3,100,88,94,0,swisscom,"IT/digital directories: Swico, swissICT; High-tech directories: Swissrail; Recognisable large-employer signal; Confirmed by 3 independent directories; Website available",Current hiring activity not yet verified,Selected — careers page and hiring verification pending
33,Berner Fachhochschule (BFH),94.5,Corporate / institutional IT,Public / education / healthcare,Public / healthcare / infrastructure,Bern,https://www.bfh.ch/,digitalswitzerland; swissICT,2,98.8,93,86,0,berner fachhochschule,"IT/digital directories: digitalswitzerland, swissICT; Public/institutional IT-employer signal; Confirmed by 2 independent directories; Website available",Current hiring activity not yet verified,Selected — careers page and hiring verification pending
34,Siegfried AG,94.2,Corporate / institutional IT,Pharma / life sciences,,Untere Brühlstrasse 4 4800 Zofingen; Zofingen,https://www.siegfried.ch,scienceindustries; swissICT,2,100,90,86,0,siegfried,IT/digital directories: swissICT; High-tech directories: scienceindustries; Recognisable large-employer signal; Confirmed by 2 independent directories; Website available,Current hiring activity not yet verified,Selected — careers page and hiring verification pending
35,AstraZeneca AG,94,Corporate / institutional IT,Pharma / life sciences,,Neuhofstrasse 34 6340 Baar,https://www.astrazeneca.ch,Interpharma; scienceindustries,2,88,100,100,0,astrazeneca,Institutional signal: Interpharma; High-tech directories: scienceindustries; Recognisable large-employer signal; Confirmed by 2 independent directories; Website available,Current hiring activity not yet verified,Selected — careers page and hiring verification pending
36,MSD Merck Sharp & Dohme AG,94,Corporate / institutional IT,Pharma / life sciences,,Bürgenstrasse 8 6005 Luzern,https://www.msd.ch,Interpharma; scienceindustries,2,88,100,100,0,merck,Institutional signal: Interpharma; High-tech directories: scienceindustries; Recognisable large-employer signal; Confirmed by 2 independent directories; Website available,Current hiring activity not yet verified,Selected — careers page and hiring verification pending
37,Pfizer AG,94,Corporate / institutional IT,Pharma / life sciences,,Schärenmoosstr. 99 8052 Zürich,https://www.pfizer.ch,Interpharma; scienceindustries,2,88,100,100,0,pfizer,Institutional signal: Interpharma; High-tech directories: scienceindustries; Recognisable large-employer signal; Confirmed by 2 independent directories; Website available,Current hiring activity not yet verified,Selected — careers page and hiring verification pending
38,PostFinance AG,94,Corporate / institutional IT,Finance / insurance,,3030 Bern; Bern; Canton of Bern,https://www.postfinance.ch/de/unternehmen/produkte/rechnungen/digitalisieren.html,FINMA; Swiss Banking; Swiss Medtech,3,88.4,100,99,0,postfinance,"Institutional signal: FINMA, Swiss Banking; High-tech directories: Swiss Medtech; Recognisable large-employer signal; Confirmed by 3 independent directories; Website available",Current hiring activity not yet verified,Selected — careers page and hiring verification pending
39,SRG SSR,93.6,Corporate / institutional IT,Public / education / healthcare,Public / healthcare / infrastructure,,http://www.srgssr.ch,asut; digitalswitzerland,2,100,100,68,0,srg ssr,"IT/digital directories: asut, digitalswitzerland; Recognisable large-employer signal; Public/institutional IT-employer signal; Confirmed by 2 independent directories; Website available",Current hiring activity not yet verified,Selected — careers page and hiring verification pending
40,Cisco Systems (Switzerland) GmbH,93.3,Corporate / institutional IT,General corporate,,8304 Wallisellen,http://www.cisco.com/ch,asut; Swico,2,100,87,86,0,cisco,"IT/digital directories: Swico, asut; Recognisable large-employer signal; Confirmed by 2 independent directories; Website available",Current hiring activity not yet verified,Selected — careers page and hiring verification pending
41,IBM Schweiz AG,93.3,Corporate / institutional IT,General corporate,,3073 Gümligen; 8010 Zürich,http://www.ibm.com,asut; Swico,2,100,87,86,0,ibm,"IT/digital directories: Swico, asut; Recognisable large-employer signal; Confirmed by 2 independent directories; Website available",Current hiring activity not yet verified,Selected — careers page and hiring verification pending
42,Google Switzerland GmbH,93.1,Corporate / institutional IT,General corporate,,8002 Zürich; Zürich,http://www.google.ch/,Swico; swisscleantech,2,100,83,91,0,google,IT/digital directories: Swico; High-tech directories: swisscleantech; Recognisable large-employer signal; Confirmed by 2 independent directories; Website available,Current hiring activity not yet verified,Selected — careers page and hiring verification pending
43,OST - Ostschweizer Fachhochschule,92.5,Corporate / institutional IT,Public / education / healthcare,Public / healthcare / infrastructure,Buchs; Canton of St. Gallen; Sankt Gallen; St. Gallen,https://www.ost.ch/medtechlab,Swiss Medtech; swisscleantech; swissICT; Swissmechanic,4,100,75,100,0,,"IT/digital directories: swissICT; High-tech directories: Swiss Medtech, Swissmechanic, swisscleantech; Public/institutional IT-employer signal; Confirmed by 4 independent directories; Website available",Current hiring activity not yet verified,Selected — careers page and hiring verification pending
44,Bühler AG,92.4,Corporate / institutional IT,General corporate,,Uzwil,https://www.buhlergroup.com,swissICT; Swissmem,2,100,84,86,0,buhler,IT/digital directories: swissICT; High-tech directories: Swissmem; Recognisable large-employer signal; Confirmed by 2 independent directories; Website available,Current hiring activity not yet verified,Selected — careers page and hiring verification pending
45,Oracle Software (Schweiz) GmbH,92.1,Corporate / institutional IT,General corporate,,8058 Zürich; Zürich,https://www.oracle.com/index.html,Swico; swissICT,2,100,83,86,0,oracle,"IT/digital directories: Swico, swissICT; Recognisable large-employer signal; Confirmed by 2 independent directories; Website available",Current hiring activity not yet verified,Selected — careers page and hiring verification pending
46,SBB AG,92,Corporate / institutional IT,Public / education / healthcare,Public / healthcare / infrastructure,,https://www.sbb.ch/,asut,1,100,100,60,0,sbb,IT/digital directories: asut; Recognisable large-employer signal; Public/institutional IT-employer signal; Website available,Current hiring activity not yet verified,Selected — careers page and hiring verification pending
47,Adnovum AG,91.9,Technology / software / digital,,,8005 Zürich; Zürich,https://www.adnovum.ch/,digitalswitzerland; Swico; Swiss Made Software; swissICT,4,100,73,100,0,,"IT/digital directories: Swico, Swiss Made Software, digitalswitzerland, swissICT; Confirmed by 4 independent directories; Website available",Current hiring activity not yet verified,Selected — careers page and hiring verification pending
48,Hypothekarbank Lenzburg AG,91.9,Corporate / institutional IT,Finance / insurance,,5600 Lenzburg; Lenzburg,http://www.hbl.ch/,digitalswitzerland; FINMA; Swiss Banking; Swiss Made Software,4,100,73,100,0,,"IT/digital directories: Swiss Made Software, digitalswitzerland; Institutional signal: FINMA, Swiss Banking; Confirmed by 4 independent directories; Website available",Current hiring activity not yet verified,Selected — careers page and hiring verification pending
49,SWITCH,91.9,Technology / software / digital,,,8021 Zürich; Zürich,http://www.switch.ch,asut; digitalswitzerland; Swico; swissICT,4,100,73,100,0,,"IT/digital directories: Swico, asut, digitalswitzerland, swissICT; Confirmed by 4 independent directories; Website available",Current hiring activity not yet verified,Selected — careers page and hiring verification pending
50,Trifork AG,91.9,Technology / software / digital,,,8834 Schindellegi; Schindellegi,https://trifork.com/,asut; digitalswitzerland; Swico; swissICT,4,100,73,100,0,,"IT/digital directories: Swico, asut, digitalswitzerland, swissICT; Confirmed by 4 independent directories; Website available",Current hiring activity not yet verified,Selected — careers page and hiring verification pending
51,Swiss Re Management Ltd.,91.6,Corporate / institutional IT,General corporate,,Zürich,http://www.swissre.com,asut; swisscleantech,2,97.6,82,91,0,swiss re,IT/digital directories: asut; High-tech directories: swisscleantech; Recognisable large-employer signal; Confirmed by 2 independent directories; Website available,Current hiring activity not yet verified,Selected — careers page and hiring verification pending
52,AXA Versicherungen AG,90.8,Corporate / institutional IT,Finance / insurance,,Winterthur,,digitalswitzerland; FINMA; swissICT,3,100,100,54,0,axa,"IT/digital directories: digitalswitzerland, swissICT; Institutional signal: FINMA; Recognisable large-employer signal; Confirmed by 3 independent directories",Current hiring activity not yet verified; Website missing in source data,Selected — careers page and hiring verification pending
53,Baloise Versicherung AG,90.6,Corporate / institutional IT,Finance / insurance,,Basel,https://www.baloise.ch/,asut; FINMA,2,95.6,82,91,0,baloise,IT/digital directories: asut; Institutional signal: FINMA; Recognisable large-employer signal; Confirmed by 2 independent directories; Website available,Current hiring activity not yet verified,Selected — careers page and hiring verification pending
54,ELCA Informatique SA,90.6,Corporate / institutional IT,General corporate,,1001 Lausanne; Pully,https://www.elca.ch/de,Swico; swissICT,2,100,78,86,0,elca,"IT/digital directories: Swico, swissICT; Recognisable large-employer signal; Confirmed by 2 independent directories; Website available",Current hiring activity not yet verified,Selected — careers page and hiring verification pending
55,Aveniq AG,89.2,Technology / software / digital,,,4665 Oftringen; Oftringen,https://aveniq.ch/,digitalswitzerland; Swico; swissICT,3,100,68,94,0,,"IT/digital directories: Swico, digitalswitzerland, swissICT; Confirmed by 3 independent directories; Website available",Current hiring activity not yet verified,Selected — careers page and hiring verification pending
56,mimacom ag,89.2,Technology / software / digital,,,Bern,https://www.swissmadesoftware.org/en/companies/mimacom-ag/home.html,digitalswitzerland; Swiss Made Software; swissICT,3,100,68,94,0,,"IT/digital directories: Swiss Made Software, digitalswitzerland, swissICT; Confirmed by 3 independent directories; Website available",Current hiring activity not yet verified,Selected — careers page and hiring verification pending
57,Banque Cantonale Vaudoise,88.9,Corporate / institutional IT,Finance / insurance,,1003 Lausanne; Lausanne; Waadt,http://www.bcv.ch/,FINMA; Swiss Banking; swisscleantech,3,78.2,100,99,0,vaudoise,"Institutional signal: FINMA, Swiss Banking; High-tech directories: swisscleantech; Recognisable large-employer signal; Confirmed by 3 independent directories; Website available",Current hiring activity not yet verified,Selected — careers page and hiring verification pending
58,Graubündner Kantonalbank,88.9,Corporate / institutional IT,Finance / insurance,,7001 Chur; Chur; Graubünden,http://www.gkb.ch/,FINMA; Swiss Banking; swisscleantech,3,78.2,100,99,0,cantonal-bank:graubundner kantonalbank,"Institutional signal: FINMA, Swiss Banking; High-tech directories: swisscleantech; Recognisable large-employer signal; Confirmed by 3 independent directories; Website available",Current hiring activity not yet verified,Selected — careers page and hiring verification pending
59,Unit8 SA,88.4,Technology / software / digital,,,Zürich,https://www.swissmadesoftware.org/en/companies/unit8-sa/home.html,digitalswitzerland; Swiss Made Software; swisscleantech,3,96.4,68,99,0,,"IT/digital directories: Swiss Made Software, digitalswitzerland; High-tech directories: swisscleantech; Confirmed by 3 independent directories; Website available",Current hiring activity not yet verified,Selected — careers page and hiring verification pending
60,Axpo Systems AG,88.2,Corporate / institutional IT,General corporate,,,http://www.axpo.com/axpo/ch/de/geschaeftskunden/kommunikationssystemeundfunksysteme.html,asut; Swiss Made Software,2,100,82,68,0,axpo,"IT/digital directories: Swiss Made Software, asut; Recognisable large-employer signal; Confirmed by 2 independent directories; Website available",Current hiring activity not yet verified,Selected — careers page and hiring verification pending
61,Ringier AG,88.2,Corporate / institutional IT,General corporate,,Zofingen,,digitalswitzerland; swissICT,2,100,100,41,0,ringier,"IT/digital directories: digitalswitzerland, swissICT; Recognisable large-employer signal; Confirmed by 2 independent directories",Current hiring activity not yet verified; Website missing in source data,Selected — careers page and hiring verification pending
62,Suva,88.2,Corporate / institutional IT,Public / education / healthcare,Public / healthcare / infrastructure,Luzern,,digitalswitzerland; swissICT,2,100,100,41,0,suva,"IT/digital directories: digitalswitzerland, swissICT; Recognisable large-employer signal; Public/institutional IT-employer signal; Confirmed by 2 independent directories",Current hiring activity not yet verified; Website missing in source data,Selected — careers page and hiring verification pending
63,AO Foundation,88.1,Technology / software / digital,,,Canton of Graubünden; Davos Platz,https://www.aofoundation.org/,digitalswitzerland; Swiss Medtech; swissICT,3,97.8,68,94,0,,"IT/digital directories: digitalswitzerland, swissICT; High-tech directories: Swiss Medtech; Confirmed by 3 independent directories; Website available",Current hiring activity not yet verified,Selected — careers page and hiring verification pending
64,skyguide,87.7,Corporate / institutional IT,General corporate,,,http://www.skyguide.ch,asut; Swiss Aerospace Cluster,2,99,82,68,0,skyguide,IT/digital directories: asut; High-tech directories: Swiss Aerospace Cluster; Recognisable large-employer signal; Confirmed by 2 independent directories; Website available,Current hiring activity not yet verified,Selected — careers page and hiring verification pending
65,Roche Diagnostics (Schweiz) AG,87.2,Corporate / institutional IT,Pharma / life sciences,,Canton of Zug; Forrenstrasse 2 6343 Rotkreuz,https://www.roche-diagnostics.ch/,scienceindustries; Swiss Medtech,2,83,95,86,0,roche,"High-tech directories: Swiss Medtech, scienceindustries; Recognisable large-employer signal; Confirmed by 2 independent directories; Website available",Current hiring activity not yet verified,Selected — careers page and hiring verification pending
66,Fachhochschule Graubünden,86.7,Corporate / institutional IT,Public / education / healthcare,Public / healthcare / infrastructure,Chur,https://www.fhgr.ch/,asut; swissICT,2,98.8,67,86,0,,"IT/digital directories: asut, swissICT; Public/institutional IT-employer signal; Confirmed by 2 independent directories; Website available",Current hiring activity not yet verified,Selected — careers page and hiring verification pending
67,Fachhochschule Nordwestschweiz,86.7,Corporate / institutional IT,Public / education / healthcare,Public / healthcare / infrastructure,Windisch,http://www.fhnw.ch,asut; swissICT,2,98.8,67,86,0,,"IT/digital directories: asut, swissICT; Public/institutional IT-employer signal; Confirmed by 2 independent directories; Website available",Current hiring activity not yet verified,Selected — careers page and hiring verification pending
68,Logitech Schweiz AG,86.5,Corporate / institutional IT,General corporate,,8048 Zürich,https://www.logitech.com/de-ch,Swico,1,95,78,78,0,logitech,IT/digital directories: Swico; Recognisable large-employer signal; Website available,Current hiring activity not yet verified,Selected — careers page and hiring verification pending
69,SWATCH GROUP QUALITY MANAGEMENT,86.5,Corporate / institutional IT,General corporate,,2504 Biel/Bienne,https://www.swatchgroup.com/de,Swico,1,95,78,78,0,swatch,IT/digital directories: Swico; Recognisable large-employer signal; Website available,Current hiring activity not yet verified,Selected — careers page and hiring verification pending
70,Bundesamt für Informatik und Telekommunikation BIT,85.8,Corporate / institutional IT,Public / education / healthcare,Public / healthcare / infrastructure,3003 Bern; Bern,https://www.bit.admin.ch/de,Swico; swissICT,2,99.4,63,86,0,,"IT/digital directories: Swico, swissICT; Public/institutional IT-employer signal; Confirmed by 2 independent directories; Website available",Current hiring activity not yet verified,Selected — careers page and hiring verification pending
71,Amazon Web Services EMEA SARL,85,Corporate / institutional IT,General corporate,,8002 Zürich,https://aws.amazon.com/de/local/switzerland/,Swico,1,95,73,78,0,amazon,IT/digital directories: Swico; Recognisable large-employer signal; Website available,Current hiring activity not yet verified,Selected — careers page and hiring verification pending
72,Cognizant Technology Solutions AG,85,Corporate / institutional IT,General corporate,,6340 Baar,https://www.cognizant.com/de-ch/,Swico,1,95,73,78,0,cognizant,IT/digital directories: Swico; Recognisable large-employer signal; Website available,Current hiring activity not yet verified,Selected — careers page and hiring verification pending
73,FISBA AG,84.7,Technology / software / digital,,,St. Gallen,https://www.fisba.ch,swissICT; Swissmechanic; Swissmem; Swissphotonics,4,100,49,100,0,,"IT/digital directories: swissICT; High-tech directories: Swissmechanic, Swissmem, Swissphotonics; Confirmed by 4 independent directories; Website available",Current hiring activity not yet verified,Selected — careers page and hiring verification pending
74,GRITEC AG,84.7,Technology / software / digital,,,Canton of Graubünden; Grüsch,https://www.gritec.ch/,Swiss Aerospace Cluster; Swiss Made Software; Swiss Medtech; Swissmem,4,100,49,100,0,,"IT/digital directories: Swiss Made Software; High-tech directories: Swiss Aerospace Cluster, Swiss Medtech, Swissmem; Confirmed by 4 independent directories; Website available",Current hiring activity not yet verified,Selected — careers page and hiring verification pending
75,Helbling Technik AG,84.7,Technology / software / digital,,,8048 Zürich; Zürich,https://www.helbling.ch,Swico; Swiss Made Software; Swissmem; Swissrail,4,100,49,100,0,,"IT/digital directories: Swico, Swiss Made Software; High-tech directories: Swissmem, Swissrail; Confirmed by 4 independent directories; Website available",Current hiring activity not yet verified,Selected — careers page and hiring verification pending
76,Huber+Suhner AG,84.7,Technology / software / digital,,,Herisau; Pfäffikon ZH,https://www.hubersuhner.com,asut; Swiss Aerospace Cluster; swissICT; Swissmem; Swissphotonics; Swissrail,6,100,49,100,0,,"IT/digital directories: asut, swissICT; High-tech directories: Swiss Aerospace Cluster, Swissmem, Swissphotonics, Swissrail; Confirmed by 6 independent directories; Website available",Current hiring activity not yet verified,Selected — careers page and hiring verification pending
77,Stadler Rail Schweiz AG,84.7,Corporate / institutional IT,General corporate,,Bussnang; St. Margrethen SG,https://www.stadlerrail.ch,Swissmechanic; Swissmem,2,79.6,89,91,0,stadler rail,"High-tech directories: Swissmechanic, Swissmem; Recognisable large-employer signal; Confirmed by 2 independent directories; Website available",Current hiring activity not yet verified,Selected — careers page and hiring verification pending
78,Supercomputing Systems AG,84.7,Technology / software / digital,,,8005 Zürich; Zürich,https://www.scs.ch,asut; Swico; Swiss Made Software; Swissmem; Swissrail,5,100,49,100,0,,"IT/digital directories: Swico, Swiss Made Software, asut; High-tech directories: Swissmem, Swissrail; Confirmed by 5 independent directories; Website available",Current hiring activity not yet verified,Selected — careers page and hiring verification pending
79,EBP Schweiz AG,84.4,Technology / software / digital,,,Zürich,https://www.swissmadesoftware.org/en/companies/ebp-schweiz-ag/home.html,Swiss Made Software; swisscleantech; swissICT; Swissolar,4,100,48,100,0,,"IT/digital directories: Swiss Made Software, swissICT; High-tech directories: Swissolar, swisscleantech; Confirmed by 4 independent directories; Website available",Current hiring activity not yet verified,Selected — careers page and hiring verification pending
80,RUAG AG,84.3,Corporate / institutional IT,General corporate,,Emmen,https://www.ruag.ch,Swiss Aerospace Cluster; Swissmem,2,83.8,84,86,0,ruag,"High-tech directories: Swiss Aerospace Cluster, Swissmem; Recognisable large-employer signal; Confirmed by 2 independent directories; Website available",Current hiring activity not yet verified,Selected — careers page and hiring verification pending
81,bbv Software Services AG,84.1,Technology / software / digital,,,6002 Luzern; Canton of Lucerne; Luzern,https://www.bbv.ch/,asut; Swico; Swiss Made Software; Swiss Medtech; swissICT,5,100,47,100,0,,"IT/digital directories: Swico, Swiss Made Software, asut, swissICT; High-tech directories: Swiss Medtech; Confirmed by 5 independent directories; Website available",Current hiring activity not yet verified,Selected — careers page and hiring verification pending
82,Cyberlink AG,84.1,Technology / software / digital,,,8008 Zürich; Zürich,http://www.cyberlink.ch,asut; Swico; Swiss Made Software; swissICT,4,100,47,100,0,,"IT/digital directories: Swico, Swiss Made Software, asut, swissICT; Confirmed by 4 independent directories; Website available",Current hiring activity not yet verified,Selected — careers page and hiring verification pending
83,Ergon Informatik AG,84.1,Technology / software / digital,,,8032 Zürich; Zürich,http://www.ergon.ch,asut; Swico; Swiss Made Software; swisscleantech; swissICT,5,100,47,100,0,,"IT/digital directories: Swico, Swiss Made Software, asut, swissICT; High-tech directories: swisscleantech; Confirmed by 5 independent directories; Website available",Current hiring activity not yet verified,Selected — careers page and hiring verification pending
84,LogObject AG,84.1,Technology / software / digital,,,8152 Opfikon; Opfikon,http://www.logobject.ch,asut; Swico; swissICT; Swissrail,4,100,47,100,0,,"IT/digital directories: Swico, asut, swissICT; High-tech directories: Swissrail; Confirmed by 4 independent directories; Website available",Current hiring activity not yet verified,Selected — careers page and hiring verification pending
85,Raiffeisen Schweiz Genossenschaft,84.1,Corporate / institutional IT,Finance / insurance,,St. Gallen,,FINMA; swissICT,2,100,83,46,0,raiffeisen,IT/digital directories: swissICT; Institutional signal: FINMA; Recognisable large-employer signal; Confirmed by 2 independent directories,Current hiring activity not yet verified; Website missing in source data,Selected — careers page and hiring verification pending
86,ti&m AG,84.1,Technology / software / digital,,,8048 Zürich; Zürich,http://www.ti8m.com,asut; Swico; Swiss Made Software; swissICT,4,100,47,100,0,,"IT/digital directories: Swico, Swiss Made Software, asut, swissICT; Confirmed by 4 independent directories; Website available",Current hiring activity not yet verified,Selected — careers page and hiring verification pending
87,Zühlke Engineering AG,84.1,Technology / software / digital,,,8952 Schlieren; Canton of Zurich; Schlieren; Zürich,https://www.zuehlke.com/,asut; Swico; Swiss Medtech; swisscleantech; swissICT; Swissrail,6,100,47,100,0,,"IT/digital directories: Swico, asut, swissICT; High-tech directories: Swiss Medtech, Swissrail, swisscleantech; Confirmed by 6 independent directories; Website available",Current hiring activity not yet verified,Selected — careers page and hiring verification pending
88,Novartis International AG,84,Corporate / institutional IT,Pharma / life sciences,,Basel-Stadt; Postfach 4002 Basel,https://www.novartis.com,scienceindustries; swisscleantech,2,74.6,95,91,0,novartis,"High-tech directories: scienceindustries, swisscleantech; Recognisable large-employer signal; Confirmed by 2 independent directories; Website available",Current hiring activity not yet verified,Selected — careers page and hiring verification pending
89,Appenzeller Kantonalbank,83.5,Corporate / institutional IT,Finance / insurance,,9050 Appenzell; Appenzell,http://www.appkb.ch/,FINMA; Swiss Banking,2,70.6,100,91,0,cantonal-bank:appenzeller kantonalbank,"Institutional signal: FINMA, Swiss Banking; Recognisable large-employer signal; Confirmed by 2 independent directories; Website available",Current hiring activity not yet verified,Selected — careers page and hiring verification pending
90,Aquila AG,83.5,Corporate / institutional IT,Finance / insurance,,8001 Zürich; Zürich,http://www.aquila.ch/,FINMA; Swiss Banking; swissICT,3,91.4,60,99,0,,"IT/digital directories: swissICT; Institutional signal: FINMA, Swiss Banking; Confirmed by 3 independent directories; Website available",Current hiring activity not yet verified,Selected — careers page and hiring verification pending
91,Banque Pictet & Cie SA,83.5,Corporate / institutional IT,Finance / insurance,,1211 Genève; Genève 73,http://www.group.pictet/,FINMA; Swiss Banking,2,70.6,100,91,0,pictet,"Institutional signal: FINMA, Swiss Banking; Recognisable large-employer signal; Confirmed by 2 independent directories; Website available",Current hiring activity not yet verified,Selected — careers page and hiring verification pending
92,Basler Kantonalbank,83.5,Corporate / institutional IT,Finance / insurance,,4051 Basel; Basel,http://www.bkb.ch/,FINMA; Swiss Banking,2,70.6,100,91,0,cantonal-bank:basler kantonalbank,"Institutional signal: FINMA, Swiss Banking; Recognisable large-employer signal; Confirmed by 2 independent directories; Website available",Current hiring activity not yet verified,Selected — careers page and hiring verification pending
93,Glarner Kantonalbank,83.5,Corporate / institutional IT,Finance / insurance,,8750 Glarus; Glarus,http://www.glkb.ch/,FINMA; Swiss Banking,2,70.6,100,91,0,cantonal-bank:glarner kantonalbank,"Institutional signal: FINMA, Swiss Banking; Recognisable large-employer signal; Confirmed by 2 independent directories; Website available",Current hiring activity not yet verified,Selected — careers page and hiring verification pending
94,Maerki Baumann & Co. AG,83.5,Corporate / institutional IT,Finance / insurance,,8002 Zurich; Zürich,https://www.maerki-baumann.ch/en,FINMA; Swiss Banking; swissICT,3,91.4,60,99,0,,"IT/digital directories: swissICT; Institutional signal: FINMA, Swiss Banking; Confirmed by 3 independent directories; Website available",Current hiring activity not yet verified,Selected — careers page and hiring verification pending
95,Nidwaldner Kantonalbank,83.5,Corporate / institutional IT,Finance / insurance,,6371 Stans; Stans,http://www.nkb.ch/,FINMA; Swiss Banking,2,70.6,100,91,0,cantonal-bank:nidwaldner kantonalbank,"Institutional signal: FINMA, Swiss Banking; Recognisable large-employer signal; Confirmed by 2 independent directories; Website available",Current hiring activity not yet verified,Selected — careers page and hiring verification pending
96,Obwaldner Kantonalbank,83.5,Corporate / institutional IT,Finance / insurance,,6061 Sarnen; Sarnen,http://www.owkb.ch/,FINMA; Swiss Banking,2,70.6,100,91,0,cantonal-bank:obwaldner kantonalbank,"Institutional signal: FINMA, Swiss Banking; Recognisable large-employer signal; Confirmed by 2 independent directories; Website available",Current hiring activity not yet verified,Selected — careers page and hiring verification pending
97,Schaffhauser Kantonalbank,83.5,Corporate / institutional IT,Finance / insurance,,8201 Schaffhausen; Schaffhausen,http://www.shkb.ch/,FINMA; Swiss Banking,2,70.6,100,91,0,cantonal-bank:schaffhauser kantonalbank,"Institutional signal: FINMA, Swiss Banking; Recognisable large-employer signal; Confirmed by 2 independent directories; Website available",Current hiring activity not yet verified,Selected — careers page and hiring verification pending
98,Schwyzer Kantonalbank,83.5,Corporate / institutional IT,Finance / insurance,,6431 Schwyz; Schwyz,http://www.szkb.ch/,FINMA; Swiss Banking,2,70.6,100,91,0,cantonal-bank:schwyzer kantonalbank,"Institutional signal: FINMA, Swiss Banking; Recognisable large-employer signal; Confirmed by 2 independent directories; Website available",Current hiring activity not yet verified,Selected — careers page and hiring verification pending
99,St. Galler Kantonalbank AG,83.5,Corporate / institutional IT,Finance / insurance,,9001 St. Gallen; St. Gallen,http://www.sgkb.ch/,FINMA; Swiss Banking,2,70.6,100,91,0,cantonal-bank:galler kantonalbank,"Institutional signal: FINMA, Swiss Banking; Recognisable large-employer signal; Confirmed by 2 independent directories; Website available",Current hiring activity not yet verified,Selected — careers page and hiring verification pending
100,Urner Kantonalbank,83.5,Corporate / institutional IT,Finance / insurance,,6460 Altdorf; Altdorf UR,http://www.urkb.ch/,FINMA; Swiss Banking,2,70.6,100,91,0,cantonal-bank:urner kantonalbank,"Institutional signal: FINMA, Swiss Banking; Recognisable large-employer signal; Confirmed by 2 independent directories; Website available",Current hiring activity not yet verified,Selected — careers page and hiring verification pending
101,Bachem AG,83.2,Corporate / institutional IT,Pharma / life sciences,,Hauptstrasse 144 4416 Bubendorf,https://www.bachem.com,scienceindustries; Swiss Biotech Association,2,78,90,86,0,bachem,"High-tech directories: Swiss Biotech Association, scienceindustries; Recognisable large-employer signal; Confirmed by 2 independent directories; Website available",Current hiring activity not yet verified,Selected — careers page and hiring verification pending
102,Georg Fischer JRG AG,83.2,Corporate / institutional IT,General corporate,,Sissach,https://www.jrg.ch,Swissmechanic; Swissmem,2,79.6,84,91,0,georg fischer,"High-tech directories: Swissmechanic, Swissmem; Recognisable large-employer signal; Confirmed by 2 independent directories; Website available",Current hiring activity not yet verified,Selected — careers page and hiring verification pending
103,ALSO Schweiz AG,82.9,Technology / software / digital,,,6032 Emmen; Emmen,http://www.also.ch,asut; Swico; swissICT,3,100,47,94,0,,"IT/digital directories: Swico, asut, swissICT; Confirmed by 3 independent directories; Website available",Current hiring activity not yet verified,Selected — careers page and hiring verification pending
104,Bedag Informatik AG,82.9,Technology / software / digital,,,3012 Bern; Bern,https://www.bedag.ch/,Swico; Swiss Made Software; swisscleantech; swissICT,4,100,43,100,0,,"IT/digital directories: Swico, Swiss Made Software, swissICT; High-tech directories: swisscleantech; Confirmed by 4 independent directories; Website available",Current hiring activity not yet verified,Selected — careers page and hiring verification pending
105,F24 Schweiz AG,82.9,Technology / software / digital,,,Wollerau,http://www.f24.com,asut; Swiss Made Software; swissICT,3,100,47,94,0,,"IT/digital directories: Swiss Made Software, asut, swissICT; Confirmed by 3 independent directories; Website available",Current hiring activity not yet verified,Selected — careers page and hiring verification pending
106,Liip AG,82.9,Technology / software / digital,,,3011 Bern; 8005 Zürich; Fribourg; Zürich,https://www.liip.ch/de,Swico; Swiss Made Software; swisscleantech; swissICT,4,100,43,100,0,,"IT/digital directories: Swico, Swiss Made Software, swissICT; High-tech directories: swisscleantech; Confirmed by 4 independent directories; Website available",Current hiring activity not yet verified,Selected — careers page and hiring verification pending
107,Nexplore AG,82.9,Technology / software / digital,,,3645 Gwatt (Thun); Bern; Gwatt (Thun),https://www.nexplore.ch,Swico; Swiss Made Software; swisscleantech; swissICT,4,100,43,100,0,,"IT/digital directories: Swico, Swiss Made Software, swissICT; High-tech directories: swisscleantech; Confirmed by 4 independent directories; Website available",Current hiring activity not yet verified,Selected — careers page and hiring verification pending
108,NTT Global Data Centers Switzerland AG,82.9,Technology / software / digital,,,8153 Rümlang; Rümlang,https://datacenter.hello.global.ntt/de-de,asut; Swico; swissICT,3,100,47,94,0,,"IT/digital directories: Swico, asut, swissICT; Confirmed by 3 independent directories; Website available",Current hiring activity not yet verified,Selected — careers page and hiring verification pending
109,Red Hat Switzerland,82.9,Technology / software / digital,,,8021 Zürich 1; Zürich,http://www.redhat.com,asut; Swico; swissICT,3,100,47,94,0,,"IT/digital directories: Swico, asut, swissICT; Confirmed by 3 independent directories; Website available",Current hiring activity not yet verified,Selected — careers page and hiring verification pending
110,Teradata (Schweiz) GmbH,82.9,Technology / software / digital,,,8152 Glattpark(Opfikon); Glattpark (Opfikon),http://www.teradata.com,asut; Swico; swissICT,3,100,47,94,0,,"IT/digital directories: Swico, asut, swissICT; Confirmed by 3 independent directories; Website available",Current hiring activity not yet verified,Selected — careers page and hiring verification pending
111,Swiss Life AG,82.6,Corporate / institutional IT,Finance / insurance,,Zürich,,FINMA; swissICT,2,100,78,46,0,swiss life,IT/digital directories: swissICT; Institutional signal: FINMA; Recognisable large-employer signal; Confirmed by 2 independent directories,Current hiring activity not yet verified; Website missing in source data,Selected — careers page and hiring verification pending
112,Electrosuisse,81.9,Technology / software / digital,,,Zürich,http://www.electrosuisse.ch,asut; digitalswitzerland; swisscleantech,3,83.4,68,99,0,,"IT/digital directories: asut, digitalswitzerland; High-tech directories: swisscleantech; Confirmed by 3 independent directories; Website available",Current hiring activity not yet verified,Selected — careers page and hiring verification pending
113,Detecon (Schweiz) AG,81.8,Technology / software / digital,,,Canton of Zurich; Zürich,https://ch.detecon.com/de,asut; Swiss Medtech; swissICT,3,97.8,47,94,0,,"IT/digital directories: asut, swissICT; High-tech directories: Swiss Medtech; Confirmed by 3 independent directories; Website available",Current hiring activity not yet verified,Selected — careers page and hiring verification pending
114,Forterro Schweiz Proffix AG,81.7,Technology / software / digital,,,7323 Wangs; Wangs,https://www.proffix.net/,Swico; Swiss Made Software; swissICT,3,100,43,94,0,,"IT/digital directories: Swico, Swiss Made Software, swissICT; Confirmed by 3 independent directories; Website available",Current hiring activity not yet verified,Selected — careers page and hiring verification pending
115,Tinubu Innoveo Switzerland AG,81.7,Technology / software / digital,,,8048 Zürich; Zürich,https://www.innoveo.com/,Swico; Swiss Made Software; swissICT,3,100,43,94,0,,"IT/digital directories: Swico, Swiss Made Software, swissICT; Confirmed by 3 independent directories; Website available",Current hiring activity not yet verified,Selected — careers page and hiring verification pending
116,Swiss International Air Lines AG,81.6,Technology / software / digital,,,Basel-Stadt; Kloten,https://www.swiss.com,swisscleantech; swissICT; Swissmem,3,94.3,49,99,0,,"IT/digital directories: swissICT; High-tech directories: Swissmem, swisscleantech; Confirmed by 3 independent directories; Website available",Current hiring activity not yet verified,Selected — careers page and hiring verification pending
117,adesso Schweiz AG,81.5,Technology / software / digital,,,8048 Zürich; Bern; Canton of Zurich,https://www.adesso.ch/,Swico; Swiss Medtech; swissICT,3,98.4,45,94,0,,"IT/digital directories: Swico, swissICT; High-tech directories: Swiss Medtech; Confirmed by 3 independent directories; Website available",Current hiring activity not yet verified,Selected — careers page and hiring verification pending
118,Cudos AG,81.5,Technology / software / digital,,,Fahrweid,https://cudos.ch/de/,Swiss Made Software; swissICT; Swissmem,3,99.1,44,94,0,,"IT/digital directories: Swiss Made Software, swissICT; High-tech directories: Swissmem; Confirmed by 3 independent directories; Website available",Current hiring activity not yet verified,Selected — careers page and hiring verification pending
119,Eraneos Switzerland AG,81.5,Technology / software / digital,,,Zürich,https://www.eraneos.ch,asut; swissICT; Swissrail,3,97.2,47,94,0,,"IT/digital directories: asut, swissICT; High-tech directories: Swissrail; Confirmed by 3 independent directories; Website available",Current hiring activity not yet verified,Selected — careers page and hiring verification pending
120,ERNI Schweiz AG,81.5,Technology / software / digital,,,8001 Zürich; Canton of Zurich; Zürich,https://www.betterask.erni/industries/medical-technology,Swico; Swiss Medtech; swissICT,3,98.4,45,94,0,,"IT/digital directories: Swico, swissICT; High-tech directories: Swiss Medtech; Confirmed by 3 independent directories; Website available",Current hiring activity not yet verified,Selected — careers page and hiring verification pending
121,Sika AG,81.5,Corporate / institutional IT,Pharma / life sciences,,Zugerstrasse 50 6341 Baar; Zürich,https://www.sika.com,scienceindustries; swisscleantech,2,74.6,90,86,0,sika,"High-tech directories: scienceindustries, swisscleantech; Recognisable large-employer signal; Confirmed by 2 independent directories; Website available",Current hiring activity not yet verified,Selected — careers page and hiring verification pending
122,Centris AG,81.4,Technology / software / digital,,,4502 Solothurn; Solothurn,http://www.centrisag.ch,asut; Swico; swissICT,3,100,42,94,0,,"IT/digital directories: Swico, asut, swissICT; Confirmed by 3 independent directories; Website available",Current hiring activity not yet verified,Selected — careers page and hiring verification pending
123,Edorex AG,81.4,Technology / software / digital,,,3072 Ostermundigen,http://www.edorex.ch,asut; Swico; Swiss Made Software,3,100,42,94,0,,"IT/digital directories: Swico, Swiss Made Software, asut; Confirmed by 3 independent directories; Website available",Current hiring activity not yet verified,Selected — careers page and hiring verification pending
124,Intersys AG,81.4,Technology / software / digital,,,Zuchwil,http://www.intersys.ch,asut; Swiss Made Software; swissICT,3,100,42,94,0,,"IT/digital directories: Swiss Made Software, asut, swissICT; Confirmed by 3 independent directories; Website available",Current hiring activity not yet verified,Selected — careers page and hiring verification pending
125,Seabix AG,81.4,Technology / software / digital,,,Villmergen,http://www.seabix.com,asut; Swiss Made Software; swissICT,3,100,42,94,0,,"IT/digital directories: Swiss Made Software, asut, swissICT; Confirmed by 3 independent directories; Website available",Current hiring activity not yet verified,Selected — careers page and hiring verification pending
126,Tata Consultancy Services Switzerland Ltd,81.4,Technology / software / digital,,,Zürich,https://www.tcs.com,Swiss Aerospace Cluster; swissICT; Swissmem,3,95.8,49,94,0,,"IT/digital directories: swissICT; High-tech directories: Swiss Aerospace Cluster, Swissmem; Confirmed by 3 independent directories; Website available",Current hiring activity not yet verified,Selected — careers page and hiring verification pending
127,InfoGuard AG,81.1,Technology / software / digital,,,6340 Baar; Baar,https://www.infoguard.ch,Swico; swissICT; Swissmem,3,98.2,44,94,0,,"IT/digital directories: Swico, swissICT; High-tech directories: Swissmem; Confirmed by 3 independent directories; Website available",Current hiring activity not yet verified,Selected — careers page and hiring verification pending
128,SIX Group AG,81,Corporate / institutional IT,Finance / insurance,,8005 Zürich; 8021 Zurich; Zürich,http://www.six-group.com/,FINMA; Swico; Swiss Banking,3,83.4,65,99,0,,"IT/digital directories: Swico; Institutional signal: FINMA, Swiss Banking; Confirmed by 3 independent directories; Website available",Current hiring activity not yet verified,Selected — careers page and hiring verification pending
129,CyOne Security AG,80.8,Technology / software / digital,,,Steinhausen,https://www.cyone.ch,asut; swissICT; Swissmem,3,97.6,44,94,0,,"IT/digital directories: asut, swissICT; High-tech directories: Swissmem; Confirmed by 3 independent directories; Website available",Current hiring activity not yet verified,Selected — careers page and hiring verification pending
130,Comerge AG,80.5,Technology / software / digital,,,Canton of Zurich; Zürich,https://www.comerge.net/services,Swiss Made Software; Swiss Medtech; swissICT,3,99.4,40,94,0,,"IT/digital directories: Swiss Made Software, swissICT; High-tech directories: Swiss Medtech; Confirmed by 3 independent directories; Website available",Current hiring activity not yet verified,Selected — careers page and hiring verification pending
131,compliag AG,80.5,Technology / software / digital,,,Canton of Zug; Zug,https://compliag.ch/,Swiss Made Software; Swiss Medtech; swissICT,3,99.4,40,94,0,,"IT/digital directories: Swiss Made Software, swissICT; High-tech directories: Swiss Medtech; Confirmed by 3 independent directories; Website available",Current hiring activity not yet verified,Selected — careers page and hiring verification pending
132,dot consulting AG,80.5,Technology / software / digital,,,Canton of Solothurn; Olten,https://www.dotag.ch/,Swiss Made Software; Swiss Medtech; swissICT,3,99.4,40,94,0,,"IT/digital directories: Swiss Made Software, swissICT; High-tech directories: Swiss Medtech; Confirmed by 3 independent directories; Website available",Current hiring activity not yet verified,Selected — careers page and hiring verification pending
133,Abraxas Informatik AG,80.2,Technology / software / digital,,,8058 Zürich; 9001 St. Gallen; Zürich-Flughafen,https://www.abraxas.ch/de,Swico; Swiss Made Software; swissICT,3,100,38,94,0,,"IT/digital directories: Swico, Swiss Made Software, swissICT; Confirmed by 3 independent directories; Website available",Current hiring activity not yet verified,Selected — careers page and hiring verification pending
134,AKROS AG,80.2,Technology / software / digital,,,2502 Biel/Bienne; Biel/Bienne,https://www.akros.ch/,Swico; Swiss Made Software; swissICT,3,100,38,94,0,,"IT/digital directories: Swico, Swiss Made Software, swissICT; Confirmed by 3 independent directories; Website available",Current hiring activity not yet verified,Selected — careers page and hiring verification pending
135,amétiq ag,80.2,Technology / software / digital,,,8808 Pfäffikon SZ; Pfäffikon SZ,https://ametiq.ch/,Swico; Swiss Made Software; swissICT,3,100,38,94,0,,"IT/digital directories: Swico, Swiss Made Software, swissICT; Confirmed by 3 independent directories; Website available",Current hiring activity not yet verified,Selected — careers page and hiring verification pending
136,BSI Business Systems Integration AG,80.2,Technology / software / digital,,,5405 Baden; Baden,https://www.bsi-software.com/en,Swico; Swiss Made Software; swissICT,3,100,38,94,0,,"IT/digital directories: Swico, Swiss Made Software, swissICT; Confirmed by 3 independent directories; Website available",Current hiring activity not yet verified,Selected — careers page and hiring verification pending
137,CM Informatik AG,80.2,Technology / software / digital,,,8603 Schwerzenbach; Schwerzenbach,https://www.cmiag.ch/de/,Swico; Swiss Made Software; swissICT,3,100,38,94,0,,"IT/digital directories: Swico, Swiss Made Software, swissICT; Confirmed by 3 independent directories; Website available",Current hiring activity not yet verified,Selected — careers page and hiring verification pending
138,EGELI Informatik AG,80.2,Technology / software / digital,,,9000 St. Gallen; St. Gallen,http://www.egeli-informatik.ch/,Swico; Swiss Made Software; swissICT,3,100,38,94,0,,"IT/digital directories: Swico, Swiss Made Software, swissICT; Confirmed by 3 independent directories; Website available",Current hiring activity not yet verified,Selected — careers page and hiring verification pending
139,emineo AG,80.2,Technology / software / digital,,,8005 Zürich; Baar,https://www.emineo.ch/,Swico; Swiss Made Software; swissICT,3,100,38,94,0,,"IT/digital directories: Swico, Swiss Made Software, swissICT; Confirmed by 3 independent directories; Website available",Current hiring activity not yet verified,Selected — careers page and hiring verification pending
140,GObugfree AG,80.2,Technology / software / digital,,,8003 Zürich; Zürich,https://gobugfree.com/,Swico; Swiss Made Software; swissICT,3,100,38,94,0,,"IT/digital directories: Swico, Swiss Made Software, swissICT; Confirmed by 3 independent directories; Website available",Current hiring activity not yet verified,Selected — careers page and hiring verification pending
141,Helda Solutions GmbH,80.2,Technology / software / digital,,,8302 Kloten; Kloten,https://heldasolutions.com,Swico; Swiss Made Software; swissICT,3,100,38,94,0,,"IT/digital directories: Swico, Swiss Made Software, swissICT; Confirmed by 3 independent directories; Website available",Current hiring activity not yet verified,Selected — careers page and hiring verification pending
142,Hostpoint AG,80.2,Technology / software / digital,,,8640 Rapperswil SG; Rapperswil SG,https://www.hostpoint.ch/,Swico; Swiss Made Software; swissICT,3,100,38,94,0,,"IT/digital directories: Swico, Swiss Made Software, swissICT; Confirmed by 3 independent directories; Website available",Current hiring activity not yet verified,Selected — careers page and hiring verification pending
143,hosttech GmbH,80.2,Technology / software / digital,,,8805 Richterswil; Richterswil,https://www.hosttech.ch/,Swico; Swiss Made Software; swissICT,3,100,38,94,0,,"IT/digital directories: Swico, Swiss Made Software, swissICT; Confirmed by 3 independent directories; Website available",Current hiring activity not yet verified,Selected — careers page and hiring verification pending
144,Hürlimann Informatik AG,80.2,Technology / software / digital,,,8912 Obfelden; Obfelden,https://www.hi-ag.ch/,Swico; Swiss Made Software; swissICT,3,100,38,94,0,,"IT/digital directories: Swico, Swiss Made Software, swissICT; Confirmed by 3 independent directories; Website available",Current hiring activity not yet verified,Selected — careers page and hiring verification pending
145,InfoSoft Systems AG,80.2,Technology / software / digital,,,6003 Luzern; Luzern,https://infosoft.swiss/,Swico; Swiss Made Software; swissICT,3,100,38,94,0,,"IT/digital directories: Swico, Swiss Made Software, swissICT; Confirmed by 3 independent directories; Website available",Current hiring activity not yet verified,Selected — careers page and hiring verification pending
146,isolutions AG,80.2,Technology / software / digital,,,3008 Bern; Bern,https://www.isolutions.ch/de/,Swico; Swiss Made Software; swissICT,3,100,38,94,0,,"IT/digital directories: Swico, Swiss Made Software, swissICT; Confirmed by 3 independent directories; Website available",Current hiring activity not yet verified,Selected — careers page and hiring verification pending
147,IWF AG,80.2,Technology / software / digital,,,4133 Pratteln; Pratteln,https://www.iwf.ch/,Swico; Swiss Made Software; swissICT,3,100,38,94,0,,"IT/digital directories: Swico, Swiss Made Software, swissICT; Confirmed by 3 independent directories; Website available",Current hiring activity not yet verified,Selected — careers page and hiring verification pending
148,Löwenfels Partner AG,80.2,Technology / software / digital,,,6004 Luzern; Luzern,https://www.loewenfels.ch/,Swico; Swiss Made Software; swissICT,3,100,38,94,0,,"IT/digital directories: Swico, Swiss Made Software, swissICT; Confirmed by 3 independent directories; Website available",Current hiring activity not yet verified,Selected — careers page and hiring verification pending
149,M&S Software Engineering AG,80.2,Technology / software / digital,,,3014 Bern; Bern,https://www.m-s.ch/,Swico; Swiss Made Software; swissICT,3,100,38,94,0,,"IT/digital directories: Swico, Swiss Made Software, swissICT; Confirmed by 3 independent directories; Website available",Current hiring activity not yet verified,Selected — careers page and hiring verification pending
150,Macos Software AG,80.2,Technology / software / digital,,,8604 Volketswil; Volketswil,https://macos.ch/,Swico; Swiss Made Software; swissICT,3,100,38,94,0,,"IT/digital directories: Swico, Swiss Made Software, swissICT; Confirmed by 3 independent directories; Website available",Current hiring activity not yet verified,Selected — careers page and hiring verification pending
151,Megos AG,80.2,Technology / software / digital,,,5200 Brugg AG; Brugg AG,https://www.megos.ch/,Swico; Swiss Made Software; swissICT,3,100,38,94,0,,"IT/digital directories: Swico, Swiss Made Software, swissICT; Confirmed by 3 independent directories; Website available",Current hiring activity not yet verified,Selected — careers page and hiring verification pending
152,Opacc Software AG,80.2,Technology / software / digital,,,6023 Rothenburg; Rothenburg,https://www.opacc.ch/,Swico; Swiss Made Software; swissICT,3,100,38,94,0,,"IT/digital directories: Swico, Swiss Made Software, swissICT; Confirmed by 3 independent directories; Website available",Current hiring activity not yet verified,Selected — careers page and hiring verification pending
153,Panter AG,80.2,Technology / software / digital,,,8005 Zürich; Zürich,https://www.panter.ch/,Swico; Swiss Made Software; swissICT,3,100,38,94,0,,"IT/digital directories: Swico, Swiss Made Software, swissICT; Confirmed by 3 independent directories; Website available",Current hiring activity not yet verified,Selected — careers page and hiring verification pending
154,Swiss Digital Network GmbH,80.2,Technology / software / digital,,,8001 Zürich; Zürich,https://www.swiss-digital-network.ch/,Swico; Swiss Made Software; swissICT,3,100,38,94,0,,"IT/digital directories: Swico, Swiss Made Software, swissICT; Confirmed by 3 independent directories; Website available",Current hiring activity not yet verified,Selected — careers page and hiring verification pending
155,UMB AG,80.2,Technology / software / digital,,,6330 Cham; Volketswil,https://www.umb.ch,Swico; Swiss Made Software; swissICT,3,100,38,94,0,,"IT/digital directories: Swico, Swiss Made Software, swissICT; Confirmed by 3 independent directories; Website available",Current hiring activity not yet verified,Selected — careers page and hiring verification pending
156,Unic AG,80.2,Technology / software / digital,,,3097 Liebefeld; Bern - Liebefeld,https://www.unic.com/,Swico; Swiss Made Software; swissICT,3,100,38,94,0,,"IT/digital directories: Swico, Swiss Made Software, swissICT; Confirmed by 3 independent directories; Website available",Current hiring activity not yet verified,Selected — careers page and hiring verification pending
157,VSHN AG,80.2,Technology / software / digital,,,8005 Zürich; Zürich,https://vshn.ch/,Swico; Swiss Made Software; swissICT,3,100,38,94,0,,"IT/digital directories: Swico, Swiss Made Software, swissICT; Confirmed by 3 independent directories; Website available",Current hiring activity not yet verified,Selected — careers page and hiring verification pending
158,Webtouch GmbH,80.2,Technology / software / digital,,,8404 Winterthur; Winterthur,https://www.webtouch.ch/,Swico; Swiss Made Software; swissICT,3,100,38,94,0,,"IT/digital directories: Swico, Swiss Made Software, swissICT; Confirmed by 3 independent directories; Website available",Current hiring activity not yet verified,Selected — careers page and hiring verification pending
159,xinfra gmbh,80.2,Technology / software / digital,,,5200 Brugg; Brugg,https://www.xinfra.ch/,Swico; Swiss Made Software; swissICT,3,100,38,94,0,,"IT/digital directories: Swico, Swiss Made Software, swissICT; Confirmed by 3 independent directories; Website available",Current hiring activity not yet verified,Selected — careers page and hiring verification pending
160,Manor AG,80.1,Corporate / institutional IT,General corporate,,,http://www.manor.ch,asut,1,90,77,60,0,manor,IT/digital directories: asut; Recognisable large-employer signal; Website available,Current hiring activity not yet verified,Selected — careers page and hiring verification pending
161,Rolex SA,80.1,Corporate / institutional IT,General corporate,,,http://www.rolex.com,asut,1,90,77,60,0,rolex,IT/digital directories: asut; Recognisable large-employer signal; Website available,Current hiring activity not yet verified,Selected — careers page and hiring verification pending
162,Salt Mobile SA,80.1,Corporate / institutional IT,General corporate,,,https://fiber.salt.ch/de,asut,1,90,77,60,0,salt mobile,IT/digital directories: asut; Recognisable large-employer signal; Website available,Current hiring activity not yet verified,Selected — careers page and hiring verification pending
163,V-ZUG AG,80.1,Technology / software / digital,,,Zug,https://www.vzug.com,swisscleantech; swissICT; Swissmem,3,94.3,44,99,0,,"IT/digital directories: swissICT; High-tech directories: Swissmem, swisscleantech; Confirmed by 3 independent directories; Website available",Current hiring activity not yet verified,Selected — careers page and hiring verification pending
164,Lindt & Sprüngli (Schweiz) AG,80,Corporate / institutional IT,General corporate,,Kilchberg ZH,,swissICT,1,100,78,33,0,lindt,IT/digital directories: swissICT; Recognisable large-employer signal,Current hiring activity not yet verified; Website missing in source data,Selected — careers page and hiring verification pending
165,PwC Switzerland,80,Corporate / institutional IT,General corporate,,Urdorf,,swissICT,1,100,78,33,0,pwc,IT/digital directories: swissICT; Recognisable large-employer signal,Current hiring activity not yet verified; Website missing in source data,Selected — careers page and hiring verification pending
166,TX Group AG,80,Corporate / institutional IT,General corporate,,Zürich,,swissICT,1,100,78,33,0,tx group,IT/digital directories: swissICT; Recognisable large-employer signal,Current hiring activity not yet verified; Website missing in source data,Selected — careers page and hiring verification pending
167,Artificialy SA,79.9,Technology / software / digital,,,Canton of Ticino; Lugano,https://www.artificialy.com/,Swiss Made Software; Swiss Medtech; Swissmem,3,95.8,44,94,0,,"IT/digital directories: Swiss Made Software; High-tech directories: Swiss Medtech, Swissmem; Confirmed by 3 independent directories; Website available",Current hiring activity not yet verified,Selected — careers page and hiring verification pending
168,cyon GmbH,79.7,Technology / software / digital,,,4052 Basel; Basel-Stadt,https://www.cyon.ch/,Swico; Swiss Made Software; swisscleantech,3,97,38,99,0,,"IT/digital directories: Swico, Swiss Made Software; High-tech directories: swisscleantech; Confirmed by 3 independent directories; Website available",Current hiring activity not yet verified,Selected — careers page and hiring verification pending
169,Epsitec SA,79.7,Technology / software / digital,,,1400 Yverdon-les-Bains; Waadt,https://www.epsitec.ch/,Swico; Swiss Made Software; swisscleantech,3,97,38,99,0,,"IT/digital directories: Swico, Swiss Made Software; High-tech directories: swisscleantech; Confirmed by 3 independent directories; Website available",Current hiring activity not yet verified,Selected — careers page and hiring verification pending
170,Komax AG,79.7,Technology / software / digital,,,Dierikon,https://www.komaxgroup.com,swissICT; Swissmechanic; Swissmem,3,93.4,44,99,0,,"IT/digital directories: swissICT; High-tech directories: Swissmechanic, Swissmem; Confirmed by 3 independent directories; Website available",Current hiring activity not yet verified,Selected — careers page and hiring verification pending
171,Zeix AG,79.7,Technology / software / digital,,,8004 Zürich; Zürich,https://zeix.com/,Swico; swisscleantech; swissICT,3,97,38,99,0,,"IT/digital directories: Swico, swissICT; High-tech directories: swisscleantech; Confirmed by 3 independent directories; Website available",Current hiring activity not yet verified,Selected — careers page and hiring verification pending
172,Abacus Research AG,79.2,Technology / software / digital,,,9300 Wittenbach; Wittenbach,https://www.abacus.ch,Swico; Swiss Made Software; Swissmechanic,3,96,38,99,0,,"IT/digital directories: Swico, Swiss Made Software; High-tech directories: Swissmechanic; Confirmed by 3 independent directories; Website available",Current hiring activity not yet verified,Selected — careers page and hiring verification pending
173,BearingPoint AG,79.1,Technology / software / digital,,,Canton of Zurich; Zürich,https://www.bearingpoint.com/en-ch,Swiss Medtech; swisscleantech; swissICT,3,94.6,40,99,0,,"IT/digital directories: swissICT; High-tech directories: Swiss Medtech, swisscleantech; Confirmed by 3 independent directories; Website available",Current hiring activity not yet verified,Selected — careers page and hiring verification pending
174,Bank Julius Baer & Co. Ltd.,78.5,Corporate / institutional IT,General corporate,,Zürich,,swissICT,1,100,73,33,0,julius baer,IT/digital directories: swissICT; Recognisable large-employer signal,Current hiring activity not yet verified; Website missing in source data,Selected — careers page and hiring verification pending
175,BKW Management AG,78.5,Corporate / institutional IT,General corporate,,Bern,,swissICT,1,100,73,33,0,bkw,IT/digital directories: swissICT; Recognisable large-employer signal,Current hiring activity not yet verified; Website missing in source data,Selected — careers page and hiring verification pending
176,Credit Suisse AG,78.5,Corporate / institutional IT,General corporate,,Zürich,,swissICT,1,100,73,33,0,credit suisse,IT/digital directories: swissICT; Recognisable large-employer signal,Current hiring activity not yet verified; Website missing in source data,Selected — careers page and hiring verification pending
177,Hirslanden AG,78.5,Corporate / institutional IT,General corporate,,Glattpark,,swissICT,1,100,73,33,0,hirslanden,IT/digital directories: swissICT; Recognisable large-employer signal,Current hiring activity not yet verified; Website missing in source data,Selected — careers page and hiring verification pending
178,Pilatus Aircraft Ltd.,78.5,Corporate / institutional IT,General corporate,,Stans,,swissICT,1,100,73,33,0,pilatus,IT/digital directories: swissICT; Recognisable large-employer signal,Current hiring activity not yet verified; Website missing in source data,Selected — careers page and hiring verification pending
179,Schweizerische Nationalbank,78.5,Corporate / institutional IT,General corporate,,Bern,,swissICT,1,100,73,33,0,schweizerische nationalbank,IT/digital directories: swissICT; Recognisable large-employer signal,Current hiring activity not yet verified; Website missing in source data,Selected — careers page and hiring verification pending
180,Mitel Schweiz AG,78.3,Technology / software / digital,,,4500 Solothurn; Solothurn,http://ch.mitel.com,asut; Swico; Swissmem,3,89.6,49,94,0,,"IT/digital directories: Swico, asut; High-tech directories: Swissmem; Confirmed by 3 independent directories; Website available",Current hiring activity not yet verified,Selected — careers page and hiring verification pending
181,Amag,78,Corporate / institutional IT,General corporate,,,,digitalswitzerland,1,90,100,15,0,amag,IT/digital directories: digitalswitzerland; Recognisable large-employer signal,Current hiring activity not yet verified; Website missing in source data,Selected — careers page and hiring verification pending
182,Amgen,78,Corporate / institutional IT,Pharma / life sciences,,,,Interpharma,1,80,100,40,0,amgen,Institutional signal: Interpharma; Recognisable large-employer signal,Current hiring activity not yet verified; Website missing in source data,Selected — careers page and hiring verification pending
183,Bayer,78,Corporate / institutional IT,Pharma / life sciences,,,,Interpharma,1,80,100,40,0,bayer,Institutional signal: Interpharma; Recognisable large-employer signal,Current hiring activity not yet verified; Website missing in source data,Selected — careers page and hiring verification pending
184,Biogen,78,Corporate / institutional IT,Pharma / life sciences,,,,Interpharma,1,80,100,40,0,biogen,Institutional signal: Interpharma; Recognisable large-employer signal,Current hiring activity not yet verified; Website missing in source data,Selected — careers page and hiring verification pending
185,Boehringer Ingelheim,78,Corporate / institutional IT,Pharma / life sciences,,,,Interpharma,1,80,100,40,0,boehringer,Institutional signal: Interpharma; Recognisable large-employer signal,Current hiring activity not yet verified; Website missing in source data,Selected — careers page and hiring verification pending
186,Bristol-Myers Squibb (BMS),78,Corporate / institutional IT,Pharma / life sciences,,,,Interpharma,1,80,100,40,0,bristol-myers,Institutional signal: Interpharma; Recognisable large-employer signal,Current hiring activity not yet verified; Website missing in source data,Selected — careers page and hiring verification pending
187,Bug Bounty Switzerland,78,Technology / software / digital,,,6003 Luzern,https://www.bugbounty.ch/,digitalswitzerland; Swico,2,80.8,68,86,0,,"IT/digital directories: Swico, digitalswitzerland; Confirmed by 2 independent directories; Website available",Current hiring activity not yet verified,Selected — careers page and hiring verification pending
188,Die Post,78,Corporate / institutional IT,General corporate,,,,digitalswitzerland,1,90,100,15,0,die post,IT/digital directories: digitalswitzerland; Recognisable large-employer signal,Current hiring activity not yet verified; Website missing in source data,Selected — careers page and hiring verification pending
189,Gilead,78,Corporate / institutional IT,Pharma / life sciences,,,,Interpharma,1,80,100,40,0,gilead,Institutional signal: Interpharma; Recognisable large-employer signal,Current hiring activity not yet verified; Website missing in source data,Selected — careers page and hiring verification pending
190,GlaxoSmithKline (GSK),78,Corporate / institutional IT,Pharma / life sciences,,,,Interpharma,1,80,100,40,0,glaxosmithkline,Institutional signal: Interpharma; Recognisable large-employer signal,Current hiring activity not yet verified; Website missing in source data,Selected — careers page and hiring verification pending
191,PricewaterhouseCoopers AG,78,Corporate / institutional IT,Finance / insurance,,8050 Zurich; Zürich,http://www.pwc.ch/,asut; Swiss Banking; swisscleantech,3,80.4,60,99,0,,IT/digital directories: asut; Institutional signal: Swiss Banking; High-tech directories: swisscleantech; Confirmed by 3 independent directories; Website available,Current hiring activity not yet verified,Selected — careers page and hiring verification pending
192,Sanofi,78,Corporate / institutional IT,Pharma / life sciences,,,,Interpharma,1,80,100,40,0,sanofi,Institutional signal: Interpharma; Recognisable large-employer signal,Current hiring activity not yet verified; Website missing in source data,Selected — careers page and hiring verification pending
193,Takeda,78,Corporate / institutional IT,Pharma / life sciences,,,,Interpharma,1,80,100,40,0,takeda,Institutional signal: Interpharma; Recognisable large-employer signal,Current hiring activity not yet verified; Website missing in source data,Selected — careers page and hiring verification pending
194,The Janssen Pharmaceutical Companies of Johnson & Johnson,78,Corporate / institutional IT,Pharma / life sciences,,,,Interpharma,1,80,100,40,0,johnson & johnson,Institutional signal: Interpharma; Recognisable large-employer signal,Current hiring activity not yet verified; Website missing in source data,Selected — careers page and hiring verification pending
195,Zürich Versicherung,78,Corporate / institutional IT,General corporate,,,,digitalswitzerland,1,90,100,15,0,zurich versicherung,IT/digital directories: digitalswitzerland; Recognisable large-employer signal,Current hiring activity not yet verified; Website missing in source data,Selected — careers page and hiring verification pending
196,Schneider Electric (Schweiz) AG,77.6,Technology / software / digital,,,3073 Gümligen; Bern; Gümligen,https://www.schneider-electric.com,Swico; swisscleantech; Swissmem,3,86.3,49,99,0,,"IT/digital directories: Swico; High-tech directories: Swissmem, swisscleantech; Confirmed by 3 independent directories; Website available",Current hiring activity not yet verified,Selected — careers page and hiring verification pending
197,Bosch Rexroth Schweiz AG,77.3,Corporate / institutional IT,General corporate,,Buttikon SZ,https://www.boschrexroth.ch,Swissmem,1,73,84,78,0,bosch,High-tech directories: Swissmem; Recognisable large-employer signal; Website available,Current hiring activity not yet verified,Selected — careers page and hiring verification pending
198,Paul Scherrer Institut PSI,77,Corporate / institutional IT,Public / education / healthcare,Public / healthcare / infrastructure,Villigen PSI,http://www.psi.ch/,Swissmechanic,1,65,93,83,0,paul scherrer,High-tech directories: Swissmechanic; Recognisable large-employer signal; Public/institutional IT-employer signal; Website available,Current hiring activity not yet verified,Selected — careers page and hiring verification pending
199,Sherpany AG,76.9,Technology / software / digital,,,,https://www.swissmadesoftware.org/en/companies/sherpany-ag/home.html,digitalswitzerland; Swiss Made Software,2,88.8,63,68,0,,"IT/digital directories: Swiss Made Software, digitalswitzerland; Confirmed by 2 independent directories; Website available",Current hiring activity not yet verified,Selected — careers page and hiring verification pending
200,Zürich Versicherungs-Gesellschaft AG,76.8,Technology / software / digital,,,Zürich,https://www.zurich.ch/,FINMA; swisscleantech; swissICT,3,91.2,38,99,0,,IT/digital directories: swissICT; Institutional signal: FINMA; High-tech directories: swisscleantech; Confirmed by 3 independent directories; Website available,Current hiring activity not yet verified,Selected — careers page and hiring verification pending
201,ESPRIT Netzwerk AG,76.6,Corporate / institutional IT,Finance / insurance,,4500 Solothurn; Solothurn,http://www.esprit-netzwerk.ch/,Swiss Banking; swissICT,2,85.8,55,86,0,,IT/digital directories: swissICT; Institutional signal: Swiss Banking; Confirmed by 2 independent directories; Website available,Current hiring activity not yet verified,Selected — careers page and hiring verification pending
202,Liechtensteinische Landesbank,76.6,Corporate / institutional IT,Finance / insurance,,9490 Vaduz; Vaduz,http://www.llb.li/,Swiss Banking; swissICT,2,85.8,55,86,0,,IT/digital directories: swissICT; Institutional signal: Swiss Banking; Confirmed by 2 independent directories; Website available,Current hiring activity not yet verified,Selected — careers page and hiring verification pending
203,Eviden AG,76,Technology / software / digital,,,8047 Zürich,https://www.swissbiotech.org/listing/eviden-ag/,asut; Swico; Swiss Biotech Association,3,89.2,42,94,0,,"IT/digital directories: Swico, asut; High-tech directories: Swiss Biotech Association; Confirmed by 3 independent directories; Website available",Current hiring activity not yet verified,Selected — careers page and hiring verification pending
204,Schindler Aufzüge AG,75.8,Corporate / institutional IT,General corporate,,Ebikon,https://www.schindler.com,Swissmem,1,73,79,78,0,schindler,High-tech directories: Swissmem; Recognisable large-employer signal; Website available,Current hiring activity not yet verified,Selected — careers page and hiring verification pending
205,Sonova AG,75.6,Corporate / institutional IT,General corporate,,Canton of Zurich,https://www.sonova.com/,Swiss Medtech,1,75,75,78,0,sonova,High-tech directories: Swiss Medtech; Recognisable large-employer signal; Website available,Current hiring activity not yet verified,Selected — careers page and hiring verification pending
206,Elektro-Material AG,75.2,Technology / software / digital,,,Bern; Heiden; Luzern; Münchenstein; Sion; Zürich,https://www.swissmadesoftware.org/en/companies/elektro-material-ag/home.html,Swiss Made Software; swisscleantech; Swissolar,3,91.6,32,99,0,,"IT/digital directories: Swiss Made Software; High-tech directories: Swissolar, swisscleantech; Confirmed by 3 independent directories; Website available",Current hiring activity not yet verified,Selected — careers page and hiring verification pending
207,Meteotest AG,75.2,Technology / software / digital,,,Bern,https://www.swissmadesoftware.org/en/companies/meteotest/home.html,Swiss Made Software; swisscleantech; Swissolar,3,91.6,32,99,0,,"IT/digital directories: Swiss Made Software; High-tech directories: Swissolar, swisscleantech; Confirmed by 3 independent directories; Website available",Current hiring activity not yet verified,Selected — careers page and hiring verification pending
208,Eidgenössische Technische Hochschule Zürich ETH,75,Corporate / institutional IT,Public / education / healthcare,Major higher education,,,swissuniversities,1,74,100,40,0,,Institutional signal: swissuniversities; Public/institutional IT-employer signal,Current hiring activity not yet verified; Website missing in source data,Selected — careers page and hiring verification pending
209,Universitäre Theologische Hochschule Basel STH Basel (university institute),75,Corporate / institutional IT,Public / education / healthcare,Major higher education,,,swissuniversities,1,74,100,40,0,,Institutional signal: swissuniversities; Public/institutional IT-employer signal,Current hiring activity not yet verified; Website missing in source data,Selected — careers page and hiring verification pending
210,Universität Basel,75,Corporate / institutional IT,Public / education / healthcare,Major higher education,,,swissuniversities,1,74,100,40,0,,Institutional signal: swissuniversities; Public/institutional IT-employer signal,Current hiring activity not yet verified; Website missing in source data,Selected — careers page and hiring verification pending
211,Universität Bern UniBE,75,Corporate / institutional IT,Public / education / healthcare,Major higher education,,,swissuniversities,1,74,100,40,0,,Institutional signal: swissuniversities; Public/institutional IT-employer signal,Current hiring activity not yet verified; Website missing in source data,Selected — careers page and hiring verification pending
212,Universität Luzern Unilu,75,Corporate / institutional IT,Public / education / healthcare,Major higher education,,,swissuniversities,1,74,100,40,0,,Institutional signal: swissuniversities; Public/institutional IT-employer signal,Current hiring activity not yet verified; Website missing in source data,Selected — careers page and hiring verification pending
213,Universität St. Gallen HSG,75,Corporate / institutional IT,Public / education / healthcare,Major higher education,,,swissuniversities,1,74,100,40,0,,Institutional signal: swissuniversities; Public/institutional IT-employer signal,Current hiring activity not yet verified; Website missing in source data,Selected — careers page and hiring verification pending
214,Universität Zürich UZH,75,Corporate / institutional IT,Public / education / healthcare,Major higher education,,,swissuniversities,1,74,100,40,0,,Institutional signal: swissuniversities; Public/institutional IT-employer signal,Current hiring activity not yet verified; Website missing in source data,Selected — careers page and hiring verification pending
215,Université de Fribourg Unifr,75,Corporate / institutional IT,Public / education / healthcare,Major higher education,,,swissuniversities,1,74,100,40,0,,Institutional signal: swissuniversities; Public/institutional IT-employer signal,Current hiring activity not yet verified; Website missing in source data,Selected — careers page and hiring verification pending
216,Université de Genève UNIGE,75,Corporate / institutional IT,Public / education / healthcare,Major higher education,,,swissuniversities,1,74,100,40,0,,Institutional signal: swissuniversities; Public/institutional IT-employer signal,Current hiring activity not yet verified; Website missing in source data,Selected — careers page and hiring verification pending
217,Université de Lausanne UNIL,75,Corporate / institutional IT,Public / education / healthcare,Major higher education,,,swissuniversities,1,74,100,40,0,,Institutional signal: swissuniversities; Public/institutional IT-employer signal,Current hiring activity not yet verified; Website missing in source data,Selected — careers page and hiring verification pending
218,Université de Neuchâtel UniNE,75,Corporate / institutional IT,Public / education / healthcare,Major higher education,,,swissuniversities,1,74,100,40,0,,Institutional signal: swissuniversities; Public/institutional IT-employer signal,Current hiring activity not yet verified; Website missing in source data,Selected — careers page and hiring verification pending
219,Berner Kantonalbank AG,74.7,Corporate / institutional IT,Finance / insurance,,Bern,https://www.bekb.ch/,FINMA; swisscleantech,2,68.6,74,91,0,cantonal-bank:berner kantonalbank,Institutional signal: FINMA; High-tech directories: swisscleantech; Recognisable large-employer signal; Confirmed by 2 independent directories; Website available,Current hiring activity not yet verified,Selected — careers page and hiring verification pending
220,CSL Behring Lengnau AG,74.6,Corporate / institutional IT,Pharma / life sciences,,Biotech Innovation Park 2543 Lengnau BE,https://www.cslbehring.ch,scienceindustries,1,67,85,78,0,csl behring,High-tech directories: scienceindustries; Recognisable large-employer signal; Website available,Current hiring activity not yet verified,Selected — careers page and hiring verification pending
221,Lonza AG,74.6,Corporate / institutional IT,Pharma / life sciences,,Münchensteinerstrasse 38 4002 Basel; Rottenstrasse 6 3930 Visp,https://www.lonza.com,scienceindustries,1,67,85,78,0,lonza,High-tech directories: scienceindustries; Recognisable large-employer signal; Website available,Current hiring activity not yet verified,Selected — careers page and hiring verification pending
222,Nestlé S.A.,74.6,Corporate / institutional IT,Pharma / life sciences,,Avenue Nestlé 55 1800 Vevey,https://www.nestle.com/,scienceindustries,1,67,85,78,0,nestle,High-tech directories: scienceindustries; Recognisable large-employer signal; Website available,Current hiring activity not yet verified,Selected — careers page and hiring verification pending
223,AFRY Schweiz AG,74.4,Technology / software / digital,,,Zürich,http://www.afry.com,asut; swisscleantech; Swissrail,3,81,47,99,0,,"IT/digital directories: asut; High-tech directories: Swissrail, swisscleantech; Confirmed by 3 independent directories; Website available",Current hiring activity not yet verified,Selected — careers page and hiring verification pending
224,Digital Realty Switzerland GmbH,74.2,Technology / software / digital,,,Glattbrugg,https://ch.digitalrealty.com/,asut; swissICT,2,88.8,42,86,0,,"IT/digital directories: asut, swissICT; Confirmed by 2 independent directories; Website available",Current hiring activity not yet verified,Selected — careers page and hiring verification pending
225,Equans Switzerland AG,74.2,Technology / software / digital,,,Zürich,https://www.equans.ch/home,asut; swissICT,2,88.8,42,86,0,,"IT/digital directories: asut, swissICT; Confirmed by 2 independent directories; Website available",Current hiring activity not yet verified,Selected — careers page and hiring verification pending
226,nLighten Switzerland GmbH,74.2,Technology / software / digital,,,Zürich,http://www.nlighten.eu,asut; swissICT,2,88.8,42,86,0,,"IT/digital directories: asut, swissICT; Confirmed by 2 independent directories; Website available",Current hiring activity not yet verified,Selected — careers page and hiring verification pending
227,Allgeier (Schweiz) AG,73.8,Technology / software / digital,,,Thalwil,https://www.swissmadesoftware.org/en/companies/allgeier-schweiz-ag/home.html,Swiss Made Software; swissICT,2,90.4,38,86,0,,"IT/digital directories: Swiss Made Software, swissICT; Confirmed by 2 independent directories; Website available",Current hiring activity not yet verified,Selected — careers page and hiring verification pending
228,Ammann Schweiz AG,73.8,Technology / software / digital,,,Langenthal,https://www.ammann.com,swissICT; Swissmem,2,86.8,44,86,0,,IT/digital directories: swissICT; High-tech directories: Swissmem; Confirmed by 2 independent directories; Website available,Current hiring activity not yet verified,Selected — careers page and hiring verification pending
229,BISON Schweiz AG,73.8,Technology / software / digital,,,Sursee,https://www.swissmadesoftware.org/en/companies/bison-schweiz-ag/home.html,Swiss Made Software; swissICT,2,90.4,38,86,0,,"IT/digital directories: Swiss Made Software, swissICT; Confirmed by 2 independent directories; Website available",Current hiring activity not yet verified,Selected — careers page and hiring verification pending
230,cencerus (Schweiz) AG,73.8,Technology / software / digital,,,Schattdorf,https://www.swissmadesoftware.org/en/companies/cencerus--schweiz--ag/home.html,Swiss Made Software; swissICT,2,90.4,38,86,0,,"IT/digital directories: Swiss Made Software, swissICT; Confirmed by 2 independent directories; Website available",Current hiring activity not yet verified,Selected — careers page and hiring verification pending
231,cross-ING Group AG,73.8,Technology / software / digital,,,Wängi,https://www.cross-ing.ch,swissICT; Swissmem,2,86.8,44,86,0,,IT/digital directories: swissICT; High-tech directories: Swissmem; Confirmed by 2 independent directories; Website available,Current hiring activity not yet verified,Selected — careers page and hiring verification pending
232,Fabasoft Schweiz AG,73.8,Technology / software / digital,,,Bern,https://www.swissmadesoftware.org/en/companies/Fabasoft-Schweiz-AG/home.html,Swiss Made Software; swissICT,2,90.4,38,86,0,,"IT/digital directories: Swiss Made Software, swissICT; Confirmed by 2 independent directories; Website available",Current hiring activity not yet verified,Selected — careers page and hiring verification pending
233,Inetum Schweiz AG,73.8,Technology / software / digital,,,Zürich,https://www.swissmadesoftware.org/en/companies/inetum-schweiz-ag/home.html,Swiss Made Software; swissICT,2,90.4,38,86,0,,"IT/digital directories: Swiss Made Software, swissICT; Confirmed by 2 independent directories; Website available",Current hiring activity not yet verified,Selected — careers page and hiring verification pending
234,PRODYNA (Schweiz) AG,73.8,Technology / software / digital,,,Basel,https://www.swissmadesoftware.org/en/companies/prodyna--schweiz--ag/home.html,Swiss Made Software; swissICT,2,90.4,38,86,0,,"IT/digital directories: Swiss Made Software, swissICT; Confirmed by 2 independent directories; Website available",Current hiring activity not yet verified,Selected — careers page and hiring verification pending
235,Vetropack Holding Ltd.,73.8,Technology / software / digital,,,Bülach; St-Prex,http://www.vetropack.com,swissICT; Swissmem,2,86.8,44,86,0,,IT/digital directories: swissICT; High-tech directories: Swissmem; Confirmed by 2 independent directories; Website available,Current hiring activity not yet verified,Selected — careers page and hiring verification pending
236,Hitachi Energy Reinsurance Ltd.,73.7,Corporate / institutional IT,Finance / insurance,,Zürich,,FINMA; Swissmem,2,78.6,84,46,0,hitachi,Institutional signal: FINMA; High-tech directories: Swissmem; Recognisable large-employer signal; Confirmed by 2 independent directories,Current hiring activity not yet verified; Website missing in source data,Selected — careers page and hiring verification pending
237,cross-ING AG,73.4,Technology / software / digital,,,Winterthur,https://cross-works.net,asut; Swiss Aerospace Cluster; Swissmem,3,82.8,44,94,0,,"IT/digital directories: asut; High-tech directories: Swiss Aerospace Cluster, Swissmem; Confirmed by 3 independent directories; Website available",Current hiring activity not yet verified,Selected — careers page and hiring verification pending
238,Adobe Research (Schweiz) AG,73.3,Technology / software / digital,,,4052 Basel; Basel,https://www.adobe.com/ch_de/,Swico; swissICT,2,89.4,38,86,0,,"IT/digital directories: Swico, swissICT; Confirmed by 2 independent directories; Website available",Current hiring activity not yet verified,Selected — careers page and hiring verification pending
239,apm consulting (schweiz) ag,73.3,Technology / software / digital,,,8542 Wiesendangen,http://www.apmconsulting.ch/,Swico; Swiss Made Software,2,89.4,38,86,0,,"IT/digital directories: Swico, Swiss Made Software; Confirmed by 2 independent directories; Website available",Current hiring activity not yet verified,Selected — careers page and hiring verification pending
240,Batix Schweiz AG,73.3,Technology / software / digital,,,8954 Geroldswil,https://www.batix.ch/,Swico; Swiss Made Software,2,89.4,38,86,0,,"IT/digital directories: Swico, Swiss Made Software; Confirmed by 2 independent directories; Website available",Current hiring activity not yet verified,Selected — careers page and hiring verification pending
241,BMD Schweiz AG,73.3,Technology / software / digital,,,8500 Frauenfeld,https://www.bmd.ch/,Swico; Swiss Made Software,2,89.4,38,86,0,,"IT/digital directories: Swico, Swiss Made Software; Confirmed by 2 independent directories; Website available",Current hiring activity not yet verified,Selected — careers page and hiring verification pending
242,Kyndryl Switzerland LLC,73.3,Technology / software / digital,,,8005 Zürich; Zürich,https://www.kyndryl.com/,Swico; swissICT,2,89.4,38,86,0,,"IT/digital directories: Swico, swissICT; Confirmed by 2 independent directories; Website available",Current hiring activity not yet verified,Selected — careers page and hiring verification pending
243,NetApp Switzerland GmbH,73.3,Technology / software / digital,,,8304 Wallisellen; Wallisellen,https://www.netapp.ch/index.aspx,Swico; swissICT,2,89.4,38,86,0,,"IT/digital directories: Swico, swissICT; Confirmed by 2 independent directories; Website available",Current hiring activity not yet verified,Selected — careers page and hiring verification pending
244,Sharp DX (Schweiz) AG,73.3,Technology / software / digital,,,1217 Meyrin; 3098 Köniz; 6343 Rotkreuz,https://www.itpoint.ch,Swico; Swiss Made Software,2,89.4,38,86,0,,"IT/digital directories: Swico, Swiss Made Software; Confirmed by 2 independent directories; Website available",Current hiring activity not yet verified,Selected — careers page and hiring verification pending
245,TD Synnex Switzerland GmbH,73.3,Technology / software / digital,,,6343 Rotkreuz; Rotkreuz,https://ch.tdsynnex.com/,Swico; swissICT,2,89.4,38,86,0,,"IT/digital directories: Swico, swissICT; Confirmed by 2 independent directories; Website available",Current hiring activity not yet verified,Selected — careers page and hiring verification pending
246,Unisys (Schweiz) GmbH,73.3,Technology / software / digital,,,3084 Wabern; 8005 Zürich; Zürich,http://www.unisys.ch/,Swico; swissICT,2,89.4,38,86,0,,"IT/digital directories: Swico, swissICT; Confirmed by 2 independent directories; Website available",Current hiring activity not yet verified,Selected — careers page and hiring verification pending
247,Helbling Technik Bern AG,73.2,Technology / software / digital,,,Canton of Bern,https://www.helbling.ch/,asut; Swiss Medtech; Swissphotonics,3,83.6,42,94,0,,"IT/digital directories: asut; High-tech directories: Swiss Medtech, Swissphotonics; Confirmed by 3 independent directories; Website available",Current hiring activity not yet verified,Selected — careers page and hiring verification pending
248,Reichle & De Massari AG,73.1,Technology / software / digital,,,Wetzikon ZH,https://www.rdm.com,asut; Swissmem; Swissrail,3,82.2,44,94,0,,"IT/digital directories: asut; High-tech directories: Swissmem, Swissrail; Confirmed by 3 independent directories; Website available",Current hiring activity not yet verified,Selected — careers page and hiring verification pending
249,Anapaya Systems AG,72.7,Technology / software / digital,,,Zürich,https://www.anapaya.net,asut; swissICT,2,88.8,37,86,0,,"IT/digital directories: asut, swissICT; Confirmed by 2 independent directories; Website available",Current hiring activity not yet verified,Selected — careers page and hiring verification pending
250,Arcade Solutions AG,72.7,Technology / software / digital,,,Luzern,http://www.arcade.ch,asut; swissICT,2,88.8,37,86,0,,"IT/digital directories: asut, swissICT; Confirmed by 2 independent directories; Website available",Current hiring activity not yet verified,Selected — careers page and hiring verification pending
251,at rete ag,72.7,Technology / software / digital,,,Zürich,http://www.atrete.ch,asut; swissICT,2,88.8,37,86,0,,"IT/digital directories: asut, swissICT; Confirmed by 2 independent directories; Website available",Current hiring activity not yet verified,Selected — careers page and hiring verification pending
252,Backbone Solutions AG,72.7,Technology / software / digital,,,Schindellegi,http://www.backbone.ch,asut; swissICT,2,88.8,37,86,0,,"IT/digital directories: asut, swissICT; Confirmed by 2 independent directories; Website available",Current hiring activity not yet verified,Selected — careers page and hiring verification pending
253,baeriswyl tschanz & partner ag,72.7,Technology / software / digital,,,Ittingen,http://www.btpag.ch,asut; swissICT,2,88.8,37,86,0,,"IT/digital directories: asut, swissICT; Confirmed by 2 independent directories; Website available",Current hiring activity not yet verified,Selected — careers page and hiring verification pending
254,CSI Consulting AG,72.7,Technology / software / digital,,,Zürich,http://www.csiconsulting.ch,asut; swissICT,2,88.8,37,86,0,,"IT/digital directories: asut, swissICT; Confirmed by 2 independent directories; Website available",Current hiring activity not yet verified,Selected — careers page and hiring verification pending
255,ExperTeach AG,72.7,Technology / software / digital,,,Sankt Gallenkappel,http://www.experteach.ch,asut; swissICT,2,88.8,37,86,0,,"IT/digital directories: asut, swissICT; Confirmed by 2 independent directories; Website available",Current hiring activity not yet verified,Selected — careers page and hiring verification pending
256,GAS&COM AG,72.7,Technology / software / digital,,,Zürich,http://www.gas-com.ch,asut; swissICT,2,88.8,37,86,0,,"IT/digital directories: asut, swissICT; Confirmed by 2 independent directories; Website available",Current hiring activity not yet verified,Selected — careers page and hiring verification pending
257,IMS Informatik und Management Service AG,72.7,Technology / software / digital,,,Ittigen,http://www.ims.ch,asut; swissICT,2,88.8,37,86,0,,"IT/digital directories: asut, swissICT; Confirmed by 2 independent directories; Website available",Current hiring activity not yet verified,Selected — careers page and hiring verification pending
258,Infra-Com Swiss AG,72.7,Technology / software / digital,,,Sursee,http://www.infra-com.ch,asut; swissICT,2,88.8,37,86,0,,"IT/digital directories: asut, swissICT; Confirmed by 2 independent directories; Website available",Current hiring activity not yet verified,Selected — careers page and hiring verification pending
259,ISS Facility Services AG,72.7,Technology / software / digital,,,Zürich,http://www.iss.ch,asut; swissICT,2,88.8,37,86,0,,"IT/digital directories: asut, swissICT; Confirmed by 2 independent directories; Website available",Current hiring activity not yet verified,Selected — careers page and hiring verification pending
260,itsbusiness AG,72.7,Technology / software / digital,,,Bern,http://www.itsbusiness.ch,asut; swissICT,2,88.8,37,86,0,,"IT/digital directories: asut, swissICT; Confirmed by 2 independent directories; Website available",Current hiring activity not yet verified,Selected — careers page and hiring verification pending
261,rombus ag,72.7,Technology / software / digital,,,Kriens,http://www.rombus.ch,asut; swissICT,2,88.8,37,86,0,,"IT/digital directories: asut, swissICT; Confirmed by 2 independent directories; Website available",Current hiring activity not yet verified,Selected — careers page and hiring verification pending
262,SWISS TXT AG,72.7,Technology / software / digital,,,Biel/Bienne,http://www.swisstxt.ch,asut; swissICT,2,88.8,37,86,0,,"IT/digital directories: asut, swissICT; Confirmed by 2 independent directories; Website available",Current hiring activity not yet verified,Selected — careers page and hiring verification pending
263,Sword Consulting AG,72.7,Technology / software / digital,,,Bern,https://www.sword-group.com/contact/,asut; swissICT,2,88.8,37,86,0,,"IT/digital directories: asut, swissICT; Confirmed by 2 independent directories; Website available",Current hiring activity not yet verified,Selected — careers page and hiring verification pending
264,Telecom Liechtenstein AG,72.7,Technology / software / digital,,,Vaduz,http://www.telecom.li,asut; swissICT,2,88.8,37,86,0,,"IT/digital directories: asut, swissICT; Confirmed by 2 independent directories; Website available",Current hiring activity not yet verified,Selected — careers page and hiring verification pending
265,AbbVie AG,72.5,Corporate / institutional IT,Pharma / life sciences,,Alte Steinhauserstrasse 14 6330 Cham,https://www.abbvie.ch,Interpharma; scienceindustries,2,63,70,100,0,,Institutional signal: Interpharma; High-tech directories: scienceindustries; Confirmed by 2 independent directories; Website available,Current hiring activity not yet verified,Selected — careers page and hiring verification pending
266,Haag-Streit Holding AG,72.4,Technology / software / digital,,,Köniz,https://www.haag-streit.com,swissICT; Swissphotonics,2,87.6,38,86,0,,IT/digital directories: swissICT; High-tech directories: Swissphotonics; Confirmed by 2 independent directories; Website available,Current hiring activity not yet verified,Selected — careers page and hiring verification pending
267,Lyreco Switzerland AG,72.4,Technology / software / digital,,,Dietikon; Zürich,https://www.lyreco.com/webshop/DECH/index.html,swisscleantech; swissICT,2,85.6,38,91,0,,IT/digital directories: swissICT; High-tech directories: swisscleantech; Confirmed by 2 independent directories; Website available,Current hiring activity not yet verified,Selected — careers page and hiring verification pending
268,Swico,72.4,Technology / software / digital,,,Zürich,https://www.swico.ch/de/,digitalswitzerland; swisscleantech,2,72.6,63,86,0,,IT/digital directories: digitalswitzerland; High-tech directories: swisscleantech; Confirmed by 2 independent directories; Website available,Current hiring activity not yet verified,Selected — careers page and hiring verification pending
269,.hausformat GmbH,72.3,Technology / software / digital,,,Aarau,https://www.swissmadesoftware.org/en/companies/-hausformat-gmbh/home.html,Swiss Made Software; swissICT,2,90.4,33,86,0,,"IT/digital directories: Swiss Made Software, swissICT; Confirmed by 2 independent directories; Website available",Current hiring activity not yet verified,Selected — careers page and hiring verification pending
270,42talents GmbH,72.3,Technology / software / digital,,,Zürich,https://www.swissmadesoftware.org/en/companies/42talents-gmbh/home.html,Swiss Made Software; swissICT,2,90.4,33,86,0,,"IT/digital directories: Swiss Made Software, swissICT; Confirmed by 2 independent directories; Website available",Current hiring activity not yet verified,Selected — careers page and hiring verification pending
271,Adcubum AG,72.3,Technology / software / digital,,,St. Gallen,https://www.swissmadesoftware.org/en/companies/adcubum-ag/home.html,Swiss Made Software; swissICT,2,90.4,33,86,0,,"IT/digital directories: Swiss Made Software, swissICT; Confirmed by 2 independent directories; Website available",Current hiring activity not yet verified,Selected — careers page and hiring verification pending
272,Advanced Concepts AG,72.3,Technology / software / digital,,,Ossingen,https://www.swissmadesoftware.org/en/companies/advanced-concepts-ag/home.html,Swiss Made Software; swissICT,2,90.4,33,86,0,,"IT/digital directories: Swiss Made Software, swissICT; Confirmed by 2 independent directories; Website available",Current hiring activity not yet verified,Selected — careers page and hiring verification pending
273,AGON PARTNERS INNOVATION AG,72.3,Technology / software / digital,,,Wilen b. Wollerau,https://www.swissmadesoftware.org/en/companies/agon-partners-innovation-ag/home.html,Swiss Made Software; swissICT,2,90.4,33,86,0,,"IT/digital directories: Swiss Made Software, swissICT; Confirmed by 2 independent directories; Website available",Current hiring activity not yet verified,Selected — careers page and hiring verification pending
274,aity AG,72.3,Technology / software / digital,,,Liebefeld,https://www.swissmadesoftware.org/en/companies/aity-ag/home.html,Swiss Made Software; swissICT,2,90.4,33,86,0,,"IT/digital directories: Swiss Made Software, swissICT; Confirmed by 2 independent directories; Website available",Current hiring activity not yet verified,Selected — careers page and hiring verification pending
275,alabus ag,72.3,Technology / software / digital,,,Zürich,https://www.swissmadesoftware.org/en/companies/alabus-ag/home.html,Swiss Made Software; swissICT,2,90.4,33,86,0,,"IT/digital directories: Swiss Made Software, swissICT; Confirmed by 2 independent directories; Website available",Current hiring activity not yet verified,Selected — careers page and hiring verification pending
276,ARCON Informatik AG,72.3,Technology / software / digital,,,Steinhausen,https://www.swissmadesoftware.org/en/companies/arcon-informatik-ag/home.html,Swiss Made Software; swissICT,2,90.4,33,86,0,,"IT/digital directories: Swiss Made Software, swissICT; Confirmed by 2 independent directories; Website available",Current hiring activity not yet verified,Selected — careers page and hiring verification pending
277,Ateleris GmbH,72.3,Technology / software / digital,,,Brugg; Brugg AG,https://www.ateleris.ch,swissICT; Swissmem,2,86.8,39,86,0,,IT/digital directories: swissICT; High-tech directories: Swissmem; Confirmed by 2 independent directories; Website available,Current hiring activity not yet verified,Selected — careers page and hiring verification pending
278,az solutions,72.3,Technology / software / digital,,,Zürich,https://www.swissmadesoftware.org/en/companies/az-solutions/home.html,Swiss Made Software; swissICT,2,90.4,33,86,0,,"IT/digital directories: Swiss Made Software, swissICT; Confirmed by 2 independent directories; Website available",Current hiring activity not yet verified,Selected — careers page and hiring verification pending
279,BEGASOFT AG,72.3,Technology / software / digital,,,Bern,https://www.swissmadesoftware.org/en/companies/begasoft-ag/home.html,Swiss Made Software; swissICT,2,90.4,33,86,0,,"IT/digital directories: Swiss Made Software, swissICT; Confirmed by 2 independent directories; Website available",Current hiring activity not yet verified,Selected — careers page and hiring verification pending
280,Bergkreuz GmbH,72.3,Technology / software / digital,,,Baden,https://www.swissmadesoftware.org/en/companies/bergkreuz-gmbh/home.html,Swiss Made Software; swissICT,2,90.4,33,86,0,,"IT/digital directories: Swiss Made Software, swissICT; Confirmed by 2 independent directories; Website available",Current hiring activity not yet verified,Selected — careers page and hiring verification pending
281,bitsblast GmbH,72.3,Technology / software / digital,,,Basel,https://www.swissmadesoftware.org/en/companies/bitsblast-gmbh/home.html,Swiss Made Software; swissICT,2,90.4,33,86,0,,"IT/digital directories: Swiss Made Software, swissICT; Confirmed by 2 independent directories; Website available",Current hiring activity not yet verified,Selected — careers page and hiring verification pending
282,blueworks AG,72.3,Technology / software / digital,,,Zug,https://www.swissmadesoftware.org/en/companies/blueworks-ag/home.html,Swiss Made Software; swissICT,2,90.4,33,86,0,,"IT/digital directories: Swiss Made Software, swissICT; Confirmed by 2 independent directories; Website available",Current hiring activity not yet verified,Selected — careers page and hiring verification pending
283,Bossard AG,72.3,Technology / software / digital,,,Zug,https://www.bossard.com,swissICT; Swissmem,2,86.8,39,86,0,,IT/digital directories: swissICT; High-tech directories: Swissmem; Confirmed by 2 independent directories; Website available,Current hiring activity not yet verified,Selected — careers page and hiring verification pending
284,bossinfo.ch AG,72.3,Technology / software / digital,,,Farnern,https://www.swissmadesoftware.org/en/companies/bossinfo-ch-ag/home.html,Swiss Made Software; swissICT,2,90.4,33,86,0,,"IT/digital directories: Swiss Made Software, swissICT; Confirmed by 2 independent directories; Website available",Current hiring activity not yet verified,Selected — careers page and hiring verification pending
285,brain-tec AG,72.3,Technology / software / digital,,,Brig-Glis,https://www.swissmadesoftware.org/en/companies/braintec/home.html,Swiss Made Software; swissICT,2,90.4,33,86,0,,"IT/digital directories: Swiss Made Software, swissICT; Confirmed by 2 independent directories; Website available",Current hiring activity not yet verified,Selected — careers page and hiring verification pending
286,Büsser Informatik GmbH,72.3,Technology / software / digital,,,Andelfingen,https://www.swissmadesoftware.org/en/companies/b-sser-informatik-gmbh/home.html,Swiss Made Software; swissICT,2,90.4,33,86,0,,"IT/digital directories: Swiss Made Software, swissICT; Confirmed by 2 independent directories; Website available",Current hiring activity not yet verified,Selected — careers page and hiring verification pending
287,clavis IT AG,72.3,Technology / software / digital,,,Herisau,https://www.swissmadesoftware.org/en/companies/clavis-it-ag/home.html,Swiss Made Software; swissICT,2,90.4,33,86,0,,"IT/digital directories: Swiss Made Software, swissICT; Confirmed by 2 independent directories; Website available",Current hiring activity not yet verified,Selected — careers page and hiring verification pending
288,coditive AG,72.3,Technology / software / digital,,,Zug,https://www.swissmadesoftware.org/en/companies/coditive-ag/home.html,Swiss Made Software; swissICT,2,90.4,33,86,0,,"IT/digital directories: Swiss Made Software, swissICT; Confirmed by 2 independent directories; Website available",Current hiring activity not yet verified,Selected — careers page and hiring verification pending
289,Consulteer AG,72.3,Technology / software / digital,,,Meggen,https://www.consulteer.com,swissICT; Swissmem,2,86.8,39,86,0,,IT/digital directories: swissICT; High-tech directories: Swissmem; Confirmed by 2 independent directories; Website available,Current hiring activity not yet verified,Selected — careers page and hiring verification pending
290,conzepta team AG,72.3,Technology / software / digital,,,Bern,https://www.swissmadesoftware.org/en/companies/conzepta-team-ag/home.html,Swiss Made Software; swissICT,2,90.4,33,86,0,,"IT/digital directories: Swiss Made Software, swissICT; Confirmed by 2 independent directories; Website available",Current hiring activity not yet verified,Selected — careers page and hiring verification pending
291,CSE IT Solutions AG,72.3,Technology / software / digital,,,Aarberg,https://www.swissmadesoftware.org/en/companies/cse-it-solutions-ag/home.html,Swiss Made Software; swissICT,2,90.4,33,86,0,,"IT/digital directories: Swiss Made Software, swissICT; Confirmed by 2 independent directories; Website available",Current hiring activity not yet verified,Selected — careers page and hiring verification pending
292,cybrius GmbH,72.3,Technology / software / digital,,,Cham,https://www.swissmadesoftware.org/en/companies/cybrius-gmbh/home.html,Swiss Made Software; swissICT,2,90.4,33,86,0,,"IT/digital directories: Swiss Made Software, swissICT; Confirmed by 2 independent directories; Website available",Current hiring activity not yet verified,Selected — careers page and hiring verification pending
293,databinding GmbH,72.3,Technology / software / digital,,,Bremgarten bei Bern,https://www.swissmadesoftware.org/en/companies/databinding-gmbh/home.html,Swiss Made Software; swissICT,2,90.4,33,86,0,,"IT/digital directories: Swiss Made Software, swissICT; Confirmed by 2 independent directories; Website available",Current hiring activity not yet verified,Selected — careers page and hiring verification pending
294,Datahouse AG,72.3,Technology / software / digital,,,Zürich,https://www.swissmadesoftware.org/en/companies/datahouse-ag/home.html,Swiss Made Software; swissICT,2,90.4,33,86,0,,"IT/digital directories: Swiss Made Software, swissICT; Confirmed by 2 independent directories; Website available",Current hiring activity not yet verified,Selected — careers page and hiring verification pending
295,Datalizard AG,72.3,Technology / software / digital,,,Dietikon,https://www.swissmadesoftware.org/en/companies/datalizard-ag/home.html,Swiss Made Software; swissICT,2,90.4,33,86,0,,"IT/digital directories: Swiss Made Software, swissICT; Confirmed by 2 independent directories; Website available",Current hiring activity not yet verified,Selected — careers page and hiring verification pending
296,Diartis AG,72.3,Technology / software / digital,,,Lenzburg 1,https://www.swissmadesoftware.org/en/companies/diartis-ag/home.html,Swiss Made Software; swissICT,2,90.4,33,86,0,,"IT/digital directories: Swiss Made Software, swissICT; Confirmed by 2 independent directories; Website available",Current hiring activity not yet verified,Selected — careers page and hiring verification pending
297,DV Bern AG,72.3,Technology / software / digital,,,Bern 22,https://www.swissmadesoftware.org/en/companies/dv-bern-ag/home.html,Swiss Made Software; swissICT,2,90.4,33,86,0,,"IT/digital directories: Swiss Made Software, swissICT; Confirmed by 2 independent directories; Website available",Current hiring activity not yet verified,Selected — careers page and hiring verification pending
298,endurit gmbh web engineering,72.3,Technology / software / digital,,,Zürich,https://www.swissmadesoftware.org/en/companies/endurit-gmbh-web-engineering/home.html,Swiss Made Software; swissICT,2,90.4,33,86,0,,"IT/digital directories: Swiss Made Software, swissICT; Confirmed by 2 independent directories; Website available",Current hiring activity not yet verified,Selected — careers page and hiring verification pending
299,eqipe GmbH,72.3,Technology / software / digital,,,Zürich,https://www.swissmadesoftware.org/en/companies/eqipe-gmbh/home.html,Swiss Made Software; swissICT,2,90.4,33,86,0,,"IT/digital directories: Swiss Made Software, swissICT; Confirmed by 2 independent directories; Website available",Current hiring activity not yet verified,Selected — careers page and hiring verification pending
300,Ergonomics AG,72.3,Technology / software / digital,,,Zürich,https://www.swissmadesoftware.org/en/companies/ergonomics-ag/home.html,Swiss Made Software; swissICT,2,90.4,33,86,0,,"IT/digital directories: Swiss Made Software, swissICT; Confirmed by 2 independent directories; Website available",Current hiring activity not yet verified,Selected — careers page and hiring verification pending
301,esurance AG,72.3,Technology / software / digital,,,Zürich,https://www.swissmadesoftware.org/en/companies/esurance-ag/home.html,Swiss Made Software; swissICT,2,90.4,33,86,0,,"IT/digital directories: Swiss Made Software, swissICT; Confirmed by 2 independent directories; Website available",Current hiring activity not yet verified,Selected — careers page and hiring verification pending
302,Franke Management AG,72.3,Technology / software / digital,,,Aarburg,https://www.franke.com,swissICT; Swissmem,2,86.8,39,86,0,,IT/digital directories: swissICT; High-tech directories: Swissmem; Confirmed by 2 independent directories; Website available,Current hiring activity not yet verified,Selected — careers page and hiring verification pending
303,Geo Data Solutions,72.3,Technology / software / digital,,,Bussigny,https://www.geodatasolutions.ch,Swiss Made Software; Swissmem,2,86.8,39,86,0,,IT/digital directories: Swiss Made Software; High-tech directories: Swissmem; Confirmed by 2 independent directories; Website available,Current hiring activity not yet verified,Selected — careers page and hiring verification pending
304,GEOINFO Applications AG,72.3,Technology / software / digital,,,Herisau,https://www.swissmadesoftware.org/en/companies/geoinfo-applications-ag/home.html,Swiss Made Software; swissICT,2,90.4,33,86,0,,"IT/digital directories: Swiss Made Software, swissICT; Confirmed by 2 independent directories; Website available",Current hiring activity not yet verified,Selected — careers page and hiring verification pending
305,Helga Digitalagentur GmbH,72.3,Technology / software / digital,,,Bern,https://www.swissmadesoftware.org/en/companies/helga-digitalagentur-gmbh/home.html,Swiss Made Software; swissICT,2,90.4,33,86,0,,"IT/digital directories: Swiss Made Software, swissICT; Confirmed by 2 independent directories; Website available",Current hiring activity not yet verified,Selected — careers page and hiring verification pending
306,Helsana Versicherungen AG,72.3,Technology / software / digital,,,Zürich,https://www.swissmadesoftware.org/en/companies/helsana-versicherungen-ag/home.html,Swiss Made Software; swissICT,2,90.4,33,86,0,,"IT/digital directories: Swiss Made Software, swissICT; Confirmed by 2 independent directories; Website available",Current hiring activity not yet verified,Selected — careers page and hiring verification pending
307,HINT AG,72.3,Technology / software / digital,,,Lenzburg,https://www.swissmadesoftware.org/en/companies/hint-ag/home.html,Swiss Made Software; swissICT,2,90.4,33,86,0,,"IT/digital directories: Swiss Made Software, swissICT; Confirmed by 2 independent directories; Website available",Current hiring activity not yet verified,Selected — careers page and hiring verification pending
308,Identitas AG,72.3,Technology / software / digital,,,Bern,https://www.swissmadesoftware.org/en/companies/identitas-ag/home.html,Swiss Made Software; swissICT,2,90.4,33,86,0,,"IT/digital directories: Swiss Made Software, swissICT; Confirmed by 2 independent directories; Website available",Current hiring activity not yet verified,Selected — careers page and hiring verification pending
309,innosolv AG,72.3,Technology / software / digital,,,St. Gallen,https://www.swissmadesoftware.org/en/companies/innosolv-ag/home.html,Swiss Made Software; swissICT,2,90.4,33,86,0,,"IT/digital directories: Swiss Made Software, swissICT; Confirmed by 2 independent directories; Website available",Current hiring activity not yet verified,Selected — careers page and hiring verification pending
310,InnoTix AG,72.3,Technology / software / digital,,,Zürich,https://www.swissmadesoftware.org/en/companies/innotix-ag/home.html,Swiss Made Software; swissICT,2,90.4,33,86,0,,"IT/digital directories: Swiss Made Software, swissICT; Confirmed by 2 independent directories; Website available",Current hiring activity not yet verified,Selected — careers page and hiring verification pending
311,Innovative Web AG,72.3,Technology / software / digital,,,Zürich,https://www.swissmadesoftware.org/en/companies/innovative-web-ag/home.html,Swiss Made Software; swissICT,2,90.4,33,86,0,,"IT/digital directories: Swiss Made Software, swissICT; Confirmed by 2 independent directories; Website available",Current hiring activity not yet verified,Selected — careers page and hiring verification pending
312,Inova Solutions AG,72.3,Technology / software / digital,,,Ostermundigen,https://www.swissmadesoftware.org/en/companies/inova-solutions-ag/home.html,Swiss Made Software; swissICT,2,90.4,33,86,0,,"IT/digital directories: Swiss Made Software, swissICT; Confirmed by 2 independent directories; Website available",Current hiring activity not yet verified,Selected — careers page and hiring verification pending
313,Intersim AG,72.3,Technology / software / digital,,,Burgdorf,https://www.swissmadesoftware.org/en/companies/intersim-ag/home.html,Swiss Made Software; swissICT,2,90.4,33,86,0,,"IT/digital directories: Swiss Made Software, swissICT; Confirmed by 2 independent directories; Website available",Current hiring activity not yet verified,Selected — careers page and hiring verification pending
314,kaiko.ai,72.3,Technology / software / digital,,,Zürich,https://www.swissmadesoftware.org/en/companies/kaiko.ai/home.html,Swiss Made Software; swissICT,2,90.4,33,86,0,,"IT/digital directories: Swiss Made Software, swissICT; Confirmed by 2 independent directories; Website available",Current hiring activity not yet verified,Selected — careers page and hiring verification pending
315,Karakun AG,72.3,Technology / software / digital,,,Basel,https://www.swissmadesoftware.org/en/companies/karakun-ag/home.html,Swiss Made Software; swissICT,2,90.4,33,86,0,,"IT/digital directories: Swiss Made Software, swissICT; Confirmed by 2 independent directories; Website available",Current hiring activity not yet verified,Selected — careers page and hiring verification pending
316,LAKE Solutions AG,72.3,Technology / software / digital,,,Wallisellen,https://www.swissmadesoftware.org/en/companies/lake-solutions-ag/home.html,Swiss Made Software; swissICT,2,90.4,33,86,0,,"IT/digital directories: Swiss Made Software, swissICT; Confirmed by 2 independent directories; Website available",Current hiring activity not yet verified,Selected — careers page and hiring verification pending
317,lemonbrain GmbH,72.3,Technology / software / digital,,,Glarus,https://www.swissmadesoftware.org/en/companies/lemonbrain-gmbh/home.html,Swiss Made Software; swissICT,2,90.4,33,86,0,,"IT/digital directories: Swiss Made Software, swissICT; Confirmed by 2 independent directories; Website available",Current hiring activity not yet verified,Selected — careers page and hiring verification pending
318,Logway Informatik AG,72.3,Technology / software / digital,,,Zürich,https://www.swissmadesoftware.org/en/companies/logway-informatik-ag/home.html,Swiss Made Software; swissICT,2,90.4,33,86,0,,"IT/digital directories: Swiss Made Software, swissICT; Confirmed by 2 independent directories; Website available",Current hiring activity not yet verified,Selected — careers page and hiring verification pending
319,Lothal Datentechnik & Partner AG,72.3,Technology / software / digital,,,Pfäffikon,https://www.swissmadesoftware.org/en/companies/lothal-datentechnik/home.html,Swiss Made Software; swissICT,2,90.4,33,86,0,,"IT/digital directories: Swiss Made Software, swissICT; Confirmed by 2 independent directories; Website available",Current hiring activity not yet verified,Selected — careers page and hiring verification pending
320,MESYS AG,72.3,Technology / software / digital,,,Zürich,https://www.mesys.ch,Swiss Made Software; Swissmem,2,86.8,39,86,0,,IT/digital directories: Swiss Made Software; High-tech directories: Swissmem; Confirmed by 2 independent directories; Website available,Current hiring activity not yet verified,Selected — careers page and hiring verification pending
321,MHM & Partner AG,72.3,Technology / software / digital,,,Rotkreuz,https://www.swissmadesoftware.org/en/companies/mhm-partner-ag/home.html,Swiss Made Software; swissICT,2,90.4,33,86,0,,"IT/digital directories: Swiss Made Software, swissICT; Confirmed by 2 independent directories; Website available",Current hiring activity not yet verified,Selected — careers page and hiring verification pending
322,Mibex Software GmbH,72.3,Technology / software / digital,,,Zürich,https://www.swissmadesoftware.org/en/companies/mibex-software-gmbh/home.html,Swiss Made Software; swissICT,2,90.4,33,86,0,,"IT/digital directories: Swiss Made Software, swissICT; Confirmed by 2 independent directories; Website available",Current hiring activity not yet verified,Selected — careers page and hiring verification pending
323,Mindset AG,72.3,Technology / software / digital,,,Zug,https://www.swissmadesoftware.org/en/companies/mindset-ag/home.html,Swiss Made Software; swissICT,2,90.4,33,86,0,,"IT/digital directories: Swiss Made Software, swissICT; Confirmed by 2 independent directories; Website available",Current hiring activity not yet verified,Selected — careers page and hiring verification pending
324,nag informatik ag,72.3,Technology / software / digital,,,Basel,https://www.swissmadesoftware.org/en/companies/nag-informartik-ag/home.html,Swiss Made Software; swissICT,2,90.4,33,86,0,,"IT/digital directories: Swiss Made Software, swissICT; Confirmed by 2 independent directories; Website available",Current hiring activity not yet verified,Selected — careers page and hiring verification pending
325,Netsafe AG,72.3,Technology / software / digital,,,St. Gallen,https://www.swissmadesoftware.org/en/companies/netsafe-ag/home.html,Swiss Made Software; swissICT,2,90.4,33,86,0,,"IT/digital directories: Swiss Made Software, swissICT; Confirmed by 2 independent directories; Website available",Current hiring activity not yet verified,Selected — careers page and hiring verification pending
326,Nimbus AG,72.3,Technology / software / digital,,,Ziegelbrücke,https://www.swissmadesoftware.org/en/companies/nimbus-ag/home.html,Swiss Made Software; swissICT,2,90.4,33,86,0,,"IT/digital directories: Swiss Made Software, swissICT; Confirmed by 2 independent directories; Website available",Current hiring activity not yet verified,Selected — careers page and hiring verification pending
327,nowhow solutions AG,72.3,Technology / software / digital,,,Bern,https://www.swissmadesoftware.org/en/companies/nowhow-solutions-ag/home.html,Swiss Made Software; swissICT,2,90.4,33,86,0,,"IT/digital directories: Swiss Made Software, swissICT; Confirmed by 2 independent directories; Website available",Current hiring activity not yet verified,Selected — careers page and hiring verification pending
328,om computer support ag,72.3,Technology / software / digital,,,Risch,https://www.swissmadesoftware.org/en/companies/om-computer-support-ag/home.html,Swiss Made Software; swissICT,2,90.4,33,86,0,,"IT/digital directories: Swiss Made Software, swissICT; Confirmed by 2 independent directories; Website available",Current hiring activity not yet verified,Selected — careers page and hiring verification pending
329,On Informatik Service GmbH,72.3,Technology / software / digital,,,Cham,https://www.swissmadesoftware.org/en/companies/on-informatik-service-gmbh/home.html,Swiss Made Software; swissICT,2,90.4,33,86,0,,"IT/digital directories: Swiss Made Software, swissICT; Confirmed by 2 independent directories; Website available",Current hiring activity not yet verified,Selected — careers page and hiring verification pending
330,Operaio GmbH,72.3,Technology / software / digital,,,Zürich,https://www.swissmadesoftware.org/en/companies/operaio-gmbh/home.html,Swiss Made Software; swissICT,2,90.4,33,86,0,,"IT/digital directories: Swiss Made Software, swissICT; Confirmed by 2 independent directories; Website available",Current hiring activity not yet verified,Selected — careers page and hiring verification pending
331,ORCA Services AG,72.3,Technology / software / digital,,,Pratteln,https://www.swissmadesoftware.org/en/companies/orca-services-ag/home.html,Swiss Made Software; swissICT,2,90.4,33,86,0,,"IT/digital directories: Swiss Made Software, swissICT; Confirmed by 2 independent directories; Website available",Current hiring activity not yet verified,Selected — careers page and hiring verification pending
332,Polynorm Software AG,72.3,Technology / software / digital,,,Glattbrugg,https://www.swissmadesoftware.org/en/companies/polynorm-software-ag/home.html,Swiss Made Software; swissICT,2,90.4,33,86,0,,"IT/digital directories: Swiss Made Software, swissICT; Confirmed by 2 independent directories; Website available",Current hiring activity not yet verified,Selected — careers page and hiring verification pending
333,Polypoint AG,72.3,Technology / software / digital,,,Gümligen,https://www.swissmadesoftware.org/en/companies/polypoint-ag/home.html,Swiss Made Software; swissICT,2,90.4,33,86,0,,"IT/digital directories: Swiss Made Software, swissICT; Confirmed by 2 independent directories; Website available",Current hiring activity not yet verified,Selected — careers page and hiring verification pending
334,Predata AG,72.3,Technology / software / digital,,,Thun,https://www.swissmadesoftware.org/en/companies/predata-ag/home.html,Swiss Made Software; swissICT,2,90.4,33,86,0,,"IT/digital directories: Swiss Made Software, swissICT; Confirmed by 2 independent directories; Website available",Current hiring activity not yet verified,Selected — careers page and hiring verification pending
335,Puzzle ITC AG,72.3,Technology / software / digital,,,Bern,https://www.swissmadesoftware.org/en/companies/puzzle-itc/home.html,Swiss Made Software; swissICT,2,90.4,33,86,0,,"IT/digital directories: Swiss Made Software, swissICT; Confirmed by 2 independent directories; Website available",Current hiring activity not yet verified,Selected — careers page and hiring verification pending
336,Razoon AG,72.3,Technology / software / digital,,,Winterthur,https://www.swissmadesoftware.org/en/companies/razoon-ag/home.html,Swiss Made Software; swissICT,2,90.4,33,86,0,,"IT/digital directories: Swiss Made Software, swissICT; Confirmed by 2 independent directories; Website available",Current hiring activity not yet verified,Selected — careers page and hiring verification pending
337,Reishauer AG,72.3,Technology / software / digital,,,Wallisellen,https://www.reishauer.com,swissICT; Swissmem,2,86.8,39,86,0,,IT/digital directories: swissICT; High-tech directories: Swissmem; Confirmed by 2 independent directories; Website available,Current hiring activity not yet verified,Selected — careers page and hiring verification pending
338,Renuo AG,72.3,Technology / software / digital,,,Wallisellen,https://www.swissmadesoftware.org/en/companies/renuo-ag/home.html,Swiss Made Software; swissICT,2,90.4,33,86,0,,"IT/digital directories: Swiss Made Software, swissICT; Confirmed by 2 independent directories; Website available",Current hiring activity not yet verified,Selected — careers page and hiring verification pending
339,Rey Technology AG,72.3,Technology / software / digital,,,Sirnach,https://www.swissmadesoftware.org/en/companies/rey-technology-ag/home.html,Swiss Made Software; swissICT,2,90.4,33,86,0,,"IT/digital directories: Swiss Made Software, swissICT; Confirmed by 2 independent directories; Website available",Current hiring activity not yet verified,Selected — careers page and hiring verification pending
340,SAPIENTROQ GmbH,72.3,Technology / software / digital,,,Luzern,https://www.swissmadesoftware.org/en/companies/sapientroq-gmbh/home.html,Swiss Made Software; swissICT,2,90.4,33,86,0,,"IT/digital directories: Swiss Made Software, swissICT; Confirmed by 2 independent directories; Website available",Current hiring activity not yet verified,Selected — careers page and hiring verification pending
341,SCHURTER AG,72.3,Technology / software / digital,,,Luzern,https://www.schurter.com,swissICT; Swissmem,2,86.8,39,86,0,,IT/digital directories: swissICT; High-tech directories: Swissmem; Confirmed by 2 independent directories; Website available,Current hiring activity not yet verified,Selected — careers page and hiring verification pending
342,SCMC - Swiss Cybersecurity Management Center GmbH,72.3,Technology / software / digital,,,Zürich,https://www.swissmadesoftware.org/en/companies/scmc---swiss-cybersecurity-management-center-gmbh/home.html,Swiss Made Software; swissICT,2,90.4,33,86,0,,"IT/digital directories: Swiss Made Software, swissICT; Confirmed by 2 independent directories; Website available",Current hiring activity not yet verified,Selected — careers page and hiring verification pending
343,seantis gmbh,72.3,Technology / software / digital,,,Luzern,https://www.swissmadesoftware.org/en/companies/seantis-gmbh/home.html,Swiss Made Software; swissICT,2,90.4,33,86,0,,"IT/digital directories: Swiss Made Software, swissICT; Confirmed by 2 independent directories; Website available",Current hiring activity not yet verified,Selected — careers page and hiring verification pending
344,smino AG,72.3,Technology / software / digital,,,Rapperswil-Jona,https://www.swissmadesoftware.org/en/companies/smino/home.html,Swiss Made Software; swissICT,2,90.4,33,86,0,,"IT/digital directories: Swiss Made Software, swissICT; Confirmed by 2 independent directories; Website available",Current hiring activity not yet verified,Selected — careers page and hiring verification pending
345,Software Engineering Michel,72.3,Technology / software / digital,,,Basel,https://www.swissmadesoftware.org/en/companies/software-engineering-michel/home.html,Swiss Made Software; swissICT,2,90.4,33,86,0,,"IT/digital directories: Swiss Made Software, swissICT; Confirmed by 2 independent directories; Website available",Current hiring activity not yet verified,Selected — careers page and hiring verification pending
346,Soudronic AG,72.3,Technology / software / digital,,,Bergdietikon,https://www.soudronic.com,swissICT; Swissmem,2,86.8,39,86,0,,IT/digital directories: swissICT; High-tech directories: Swissmem; Confirmed by 2 independent directories; Website available,Current hiring activity not yet verified,Selected — careers page and hiring verification pending
347,stepping stone AG,72.3,Technology / software / digital,,,Bern,https://www.swissmadesoftware.org/en/companies/stepping-stone-ag/home.html,Swiss Made Software; swissICT,2,90.4,33,86,0,,"IT/digital directories: Swiss Made Software, swissICT; Confirmed by 2 independent directories; Website available",Current hiring activity not yet verified,Selected — careers page and hiring verification pending
348,Swiss Post Cybersecurity AG,72.3,Technology / software / digital,,,Aarau,https://www.swissmadesoftware.org/en/companies/swiss-post-cybersecurity/home.html,Swiss Made Software; swissICT,2,90.4,33,86,0,,"IT/digital directories: Swiss Made Software, swissICT; Confirmed by 2 independent directories; Website available",Current hiring activity not yet verified,Selected — careers page and hiring verification pending
349,t2b AG,72.3,Technology / software / digital,,,Basel,https://www.swissmadesoftware.org/en/companies/t2b-ag/home.html,Swiss Made Software; swissICT,2,90.4,33,86,0,,"IT/digital directories: Swiss Made Software, swissICT; Confirmed by 2 independent directories; Website available",Current hiring activity not yet verified,Selected — careers page and hiring verification pending
350,taktwerk GmbH,72.3,Technology / software / digital,,,Basel,https://www.swissmadesoftware.org/en/companies/taktwerk-gmbh/home.html,Swiss Made Software; swissICT,2,90.4,33,86,0,,"IT/digital directories: Swiss Made Software, swissICT; Confirmed by 2 independent directories; Website available",Current hiring activity not yet verified,Selected — careers page and hiring verification pending
351,the i-engineers AG,72.3,Technology / software / digital,,,Zürich,https://www.swissmadesoftware.org/en/companies/the-i-engineers-ag/home.html,Swiss Made Software; swissICT,2,90.4,33,86,0,,"IT/digital directories: Swiss Made Software, swissICT; Confirmed by 2 independent directories; Website available",Current hiring activity not yet verified,Selected — careers page and hiring verification pending
352,trifact AG,72.3,Technology / software / digital,,,Rothenburg,https://www.swissmadesoftware.org/en/companies/trifact-ag/home.html,Swiss Made Software; swissICT,2,90.4,33,86,0,,"IT/digital directories: Swiss Made Software, swissICT; Confirmed by 2 independent directories; Website available",Current hiring activity not yet verified,Selected — careers page and hiring verification pending
353,United Security Providers AG,72.3,Technology / software / digital,,,Bern,https://www.swissmadesoftware.org/en/companies/united-security-providers-ag/home.html,Swiss Made Software; swissICT,2,90.4,33,86,0,,"IT/digital directories: Swiss Made Software, swissICT; Confirmed by 2 independent directories; Website available",Current hiring activity not yet verified,Selected — careers page and hiring verification pending
354,visol digitale Dienstleistungen AG,72.3,Technology / software / digital,,,Kriens,https://www.swissmadesoftware.org/en/companies/visol-digitale-dienstleistungen-ag/home.html,Swiss Made Software; swissICT,2,90.4,33,86,0,,"IT/digital directories: Swiss Made Software, swissICT; Confirmed by 2 independent directories; Website available",Current hiring activity not yet verified,Selected — careers page and hiring verification pending
355,WATO-SOFT AG,72.3,Technology / software / digital,,,Lengnau BE,https://www.swissmadesoftware.org/en/companies/watosoft-ag/home.html,Swiss Made Software; swissICT,2,90.4,33,86,0,,"IT/digital directories: Swiss Made Software, swissICT; Confirmed by 2 independent directories; Website available",Current hiring activity not yet verified,Selected — careers page and hiring verification pending
356,webcloud7 ag,72.3,Technology / software / digital,,,Luzern,https://www.swissmadesoftware.org/en/companies/webcloud7-ag/home.html,Swiss Made Software; swissICT,2,90.4,33,86,0,,"IT/digital directories: Swiss Made Software, swissICT; Confirmed by 2 independent directories; Website available",Current hiring activity not yet verified,Selected — careers page and hiring verification pending
357,Weidmann Electrical Technology AG,72.3,Technology / software / digital,,,Rapperswil SG,https://www.weidmann-electrical.com,swissICT; Swissmem,2,86.8,39,86,0,,IT/digital directories: swissICT; High-tech directories: Swissmem; Confirmed by 2 independent directories; Website available,Current hiring activity not yet verified,Selected — careers page and hiring verification pending
358,weroSoft AG,72.3,Technology / software / digital,,,Zollikofen,https://www.swissmadesoftware.org/en/companies/werosoft-ag/home.html,Swiss Made Software; swissICT,2,90.4,33,86,0,,"IT/digital directories: Swiss Made Software, swissICT; Confirmed by 2 independent directories; Website available",Current hiring activity not yet verified,Selected — careers page and hiring verification pending
359,Zeilenwerk GmbH,72.3,Technology / software / digital,,,Bern,https://www.swissmadesoftware.org/en/companies/zeilenwerk/home.html,Swiss Made Software; swissICT,2,90.4,33,86,0,,"IT/digital directories: Swiss Made Software, swissICT; Confirmed by 2 independent directories; Website available",Current hiring activity not yet verified,Selected — careers page and hiring verification pending
360,08EINS AG,71.8,Technology / software / digital,,,7000 Chur,https://softwarehaus.net/,Swico; Swiss Made Software,2,89.4,33,86,0,,"IT/digital directories: Swico, Swiss Made Software; Confirmed by 2 independent directories; Website available",Current hiring activity not yet verified,Selected — careers page and hiring verification pending
361,Accounto AG,71.8,Technology / software / digital,,,8004 Zürich; Zürich,https://www.accounto.io/,Swico; swissICT,2,89.4,33,86,0,,"IT/digital directories: Swico, swissICT; Confirmed by 2 independent directories; Website available",Current hiring activity not yet verified,Selected — careers page and hiring verification pending
362,Adibilis GmbH,71.8,Technology / software / digital,,,4057 Basel,https://adibilis.ch/de,Swico; Swiss Made Software,2,89.4,33,86,0,,"IT/digital directories: Swico, Swiss Made Software; Confirmed by 2 independent directories; Website available",Current hiring activity not yet verified,Selected — careers page and hiring verification pending
363,AG Büro 70,71.8,Technology / software / digital,,,3072 Ostermundigen,https://www.buero70.ch/,Swico; Swiss Made Software,2,89.4,33,86,0,,"IT/digital directories: Swico, Swiss Made Software; Confirmed by 2 independent directories; Website available",Current hiring activity not yet verified,Selected — careers page and hiring verification pending
364,AgenticIT GmbH,71.8,Technology / software / digital,,,3073 Ostermundigen; Ostermundigen,https://agenticit.ch,Swico; swissICT,2,89.4,33,86,0,,"IT/digital directories: Swico, swissICT; Confirmed by 2 independent directories; Website available",Current hiring activity not yet verified,Selected — careers page and hiring verification pending
365,AlpineAI AG,71.8,Technology / software / digital,,,7270 Davos Platz,https://alpineai.swiss/,Swico; Swiss Made Software,2,89.4,33,86,0,,"IT/digital directories: Swico, Swiss Made Software; Confirmed by 2 independent directories; Website available",Current hiring activity not yet verified,Selected — careers page and hiring verification pending
366,approppo GmbH,71.8,Technology / software / digital,,,3011 Bern,https://www.approppo.ch/,Swico; Swiss Made Software,2,89.4,33,86,0,,"IT/digital directories: Swico, Swiss Made Software; Confirmed by 2 independent directories; Website available",Current hiring activity not yet verified,Selected — careers page and hiring verification pending
367,Apps with love AG,71.8,Technology / software / digital,,,3007 Bern; Bern,https://appswithlove.com/,Swico; swissICT,2,89.4,33,86,0,,"IT/digital directories: Swico, swissICT; Confirmed by 2 independent directories; Website available",Current hiring activity not yet verified,Selected — careers page and hiring verification pending
368,Astina AG,71.8,Technology / software / digital,,,8005 Zürich,https://www.astina.ch/,Swico; Swiss Made Software,2,89.4,33,86,0,,"IT/digital directories: Swico, Swiss Made Software; Confirmed by 2 independent directories; Website available",Current hiring activity not yet verified,Selected — careers page and hiring verification pending
369,atside Ag,71.8,Technology / software / digital,,,4153 Reinach BL; Reinach,https://www.atside.com/,Swico; swissICT,2,89.4,33,86,0,,"IT/digital directories: Swico, swissICT; Confirmed by 2 independent directories; Website available",Current hiring activity not yet verified,Selected — careers page and hiring verification pending
370,BE BRAVE AG,71.8,Technology / software / digital,,,6343 Rotkreuz,https://www.be-brave.ch/,Swico; Swiss Made Software,2,89.4,33,86,0,,"IT/digital directories: Swico, Swiss Made Software; Confirmed by 2 independent directories; Website available",Current hiring activity not yet verified,Selected — careers page and hiring verification pending
371,bexio AG,71.8,Technology / software / digital,,,8640 Rapperswil SG,https://www.bexio.com/de-CH/,Swico; Swiss Made Software,2,89.4,33,86,0,,"IT/digital directories: Swico, Swiss Made Software; Confirmed by 2 independent directories; Website available",Current hiring activity not yet verified,Selected — careers page and hiring verification pending
372,Bitforge AG,71.8,Technology / software / digital,,,8004 Zürich,https://bitforge.ch,Swico; Swiss Made Software,2,89.4,33,86,0,,"IT/digital directories: Swico, Swiss Made Software; Confirmed by 2 independent directories; Website available",Current hiring activity not yet verified,Selected — careers page and hiring verification pending
373,Boll Engineering AG,71.8,Technology / software / digital,,,5430 Wettingen; Wettingen,https://www.boll.ch/,Swico; swissICT,2,89.4,33,86,0,,"IT/digital directories: Swico, swissICT; Confirmed by 2 independent directories; Website available",Current hiring activity not yet verified,Selected — careers page and hiring verification pending
374,CENT Systems AG,71.8,Technology / software / digital,,,4573 Lohn-Ammannsegg,https://www.cent-systems.ch/,Swico; Swiss Made Software,2,89.4,33,86,0,,"IT/digital directories: Swico, Swiss Made Software; Confirmed by 2 independent directories; Website available",Current hiring activity not yet verified,Selected — careers page and hiring verification pending
375,ComputerWorks AG,71.8,Technology / software / digital,,,4142 Münchenstein,https://www.computerworks.ch/home.html,Swico; Swiss Made Software,2,89.4,33,86,0,,"IT/digital directories: Swico, Swiss Made Software; Confirmed by 2 independent directories; Website available",Current hiring activity not yet verified,Selected — careers page and hiring verification pending
376,Coorpix AG,71.8,Technology / software / digital,,,6343 Risch; Rotkreuz,https://www.coorpix.ch/,Swico; swissICT,2,89.4,33,86,0,,"IT/digital directories: Swico, swissICT; Confirmed by 2 independent directories; Website available",Current hiring activity not yet verified,Selected — careers page and hiring verification pending
377,CREALOGIX AG,71.8,Technology / software / digital,,,8041 Zürich,https://crealogix.com/ch/de/,Swico; Swiss Made Software,2,89.4,33,86,0,,"IT/digital directories: Swico, Swiss Made Software; Confirmed by 2 independent directories; Website available",Current hiring activity not yet verified,Selected — careers page and hiring verification pending
378,CYQRD AG,71.8,Technology / software / digital,,,8132 Egg b. Zürich; Egg bei Zürich,https://cyqrd.digital/,Swico; swissICT,2,89.4,33,86,0,,"IT/digital directories: Swico, swissICT; Confirmed by 2 independent directories; Website available",Current hiring activity not yet verified,Selected — careers page and hiring verification pending
379,data dynamic ag,71.8,Technology / software / digital,,,3012 Bern; Bern 9,https://www.ddag.ch/,Swico; swissICT,2,89.4,33,86,0,,"IT/digital directories: Swico, swissICT; Confirmed by 2 independent directories; Website available",Current hiring activity not yet verified,Selected — careers page and hiring verification pending
380,datalevel AG,71.8,Technology / software / digital,,,8903 Birmensdorf ZH,https://datalevel.ch/de/,Swico; Swiss Made Software,2,89.4,33,86,0,,"IT/digital directories: Swico, Swiss Made Software; Confirmed by 2 independent directories; Website available",Current hiring activity not yet verified,Selected — careers page and hiring verification pending
381,Digicomp Academy AG,71.8,Technology / software / digital,,,8005 Zürich; Zürich,https://www.digicomp.ch/,Swico; swissICT,2,89.4,33,86,0,,"IT/digital directories: Swico, swissICT; Confirmed by 2 independent directories; Website available",Current hiring activity not yet verified,Selected — careers page and hiring verification pending
382,DIGITALDRINK AG,71.8,Technology / software / digital,,,8105 Regensdorf,https://digitaldrink.ch/,Swico; Swiss Made Software,2,89.4,33,86,0,,"IT/digital directories: Swico, Swiss Made Software; Confirmed by 2 independent directories; Website available",Current hiring activity not yet verified,Selected — careers page and hiring verification pending
383,dreipol AG,71.8,Technology / software / digital,,,8004 Zürich,https://www.dreipol.ch/,Swico; Swiss Made Software,2,89.4,33,86,0,,"IT/digital directories: Swico, Swiss Made Software; Confirmed by 2 independent directories; Website available",Current hiring activity not yet verified,Selected — careers page and hiring verification pending
384,DU DA AG,71.8,Technology / software / digital,,,8004 Zürich,https://dudagroup.com/,Swico; Swiss Made Software,2,89.4,33,86,0,,"IT/digital directories: Swico, Swiss Made Software; Confirmed by 2 independent directories; Website available",Current hiring activity not yet verified,Selected — careers page and hiring verification pending
385,DynaNet GmbH,71.8,Technology / software / digital,,,9016 St. Gallen,https://dynanet.ch/,Swico; Swiss Made Software,2,89.4,33,86,0,,"IT/digital directories: Swico, Swiss Made Software; Confirmed by 2 independent directories; Website available",Current hiring activity not yet verified,Selected — careers page and hiring verification pending
386,dynasoft AG,71.8,Technology / software / digital,,,4500 Solothurn,https://www.dynasoft.ch/,Swico; Swiss Made Software,2,89.4,33,86,0,,"IT/digital directories: Swico, Swiss Made Software; Confirmed by 2 independent directories; Website available",Current hiring activity not yet verified,Selected — careers page and hiring verification pending
387,dynawell ag,71.8,Technology / software / digital,,,8303 Bassersdorf; Bassersdorf,https://www.dynawell.com/,Swico; swissICT,2,89.4,33,86,0,,"IT/digital directories: Swico, swissICT; Confirmed by 2 independent directories; Website available",Current hiring activity not yet verified,Selected — careers page and hiring verification pending
388,César Ritz Colleges Switzerland (university of applied sciences institute),70.5,Corporate / institutional IT,Public / education / healthcare,Other higher education,,,swissuniversities,1,68,95,40,0,,Institutional signal: swissuniversities; Public/institutional IT-employer signal,Current hiring activity not yet verified; Website missing in source data,Selected — careers page and hiring verification pending
389,Franklin Switzerland (university institute),70.5,Corporate / institutional IT,Public / education / healthcare,Other higher education,,,swissuniversities,1,68,95,40,0,,Institutional signal: swissuniversities; Public/institutional IT-employer signal,Current hiring activity not yet verified; Website missing in source data,Selected — careers page and hiring verification pending
390,IMD - International Institute for Management Development (university institute),70.5,Corporate / institutional IT,Public / education / healthcare,Other higher education,,,swissuniversities,1,68,95,40,0,,Institutional signal: swissuniversities; Public/institutional IT-employer signal,Current hiring activity not yet verified; Website missing in source data,Selected — careers page and hiring verification pending
391,hospital-pool GmbH,69.8,Corporate / institutional IT,Public / education / healthcare,Healthcare,,https://www.swissmadesoftware.org/en/companies/hospital-pool-gmbh/home.html,Swiss Made Software,1,88,46,60,0,,IT/digital directories: Swiss Made Software; Public/institutional IT-employer signal; Website available,Current hiring activity not yet verified,Selected — careers page and hiring verification pending
392,IKEA Schweiz AG,69.7,Corporate / institutional IT,General corporate,,Keiner,http://www.ikea.ch/,swisscleantech,1,63,72,83,0,ikea,High-tech directories: swisscleantech; Recognisable large-employer signal; Website available,Current hiring activity not yet verified,Selected — careers page and hiring verification pending
393,Alpiq Holding AG,68.7,Corporate / institutional IT,General corporate,,Solothurn,https://www.alpiq.com/,swisscleantech,1,63,72,78,0,alpiq,High-tech directories: swisscleantech; Recognisable large-employer signal; Website available,Current hiring activity not yet verified,Selected — careers page and hiring verification pending
394,Arthur Flury AG,68.7,Industrial / deep tech,,,Deitingen,https://www.aflury.ch,Swissmechanic; Swissmem; Swissolar; Swissrail,4,68,49,100,0,,"High-tech directories: Swissmechanic, Swissmem, Swissolar, Swissrail; Confirmed by 4 independent directories; Website available",Current hiring activity not yet verified,Selected — careers page and hiring verification pending
395,CADFEM (Suisse) AG,68.4,Industrial / deep tech,,,Aadorf,https://www.cadfem.ch,Swiss Aerospace Cluster; Swissmem; Swissphotonics,3,72.8,44,94,0,,"High-tech directories: Swiss Aerospace Cluster, Swissmem, Swissphotonics; Confirmed by 3 independent directories; Website available",Current hiring activity not yet verified,Selected — careers page and hiring verification pending
396,Bobst Mex SA,68.2,Industrial / deep tech,,,Lausanne,https://www.bobst.com,Swissmechanic; Swissmem; Swissphotonics,3,70.4,44,99,0,,"High-tech directories: Swissmechanic, Swissmem, Swissphotonics; Confirmed by 3 independent directories; Website available",Current hiring activity not yet verified,Selected — careers page and hiring verification pending
397,Schweizerische Bundesbahnen AG,68.2,Corporate / institutional IT,General corporate,,Bern,https://www.sbb.ch/de,swisscleantech,1,63,67,83,0,schweizerische bundesbahnen,High-tech directories: swisscleantech; Recognisable large-employer signal; Website available,Current hiring activity not yet verified,Selected — careers page and hiring verification pending
398,Kantonsspital Baden AG,68,Corporate / institutional IT,Public / education / healthcare,Healthcare,Baden,,swissICT,1,88,58,33,0,,IT/digital directories: swissICT; Public/institutional IT-employer signal,Current hiring activity not yet verified; Website missing in source data,Selected — careers page and hiring verification pending
399,Kantonsspital Baselland,68,Corporate / institutional IT,Public / education / healthcare,Healthcare,Liestal,,swissICT,1,88,58,33,0,,IT/digital directories: swissICT; Public/institutional IT-employer signal,Current hiring activity not yet verified; Website missing in source data,Selected — careers page and hiring verification pending
400,Kantonsspital Graubünden Finanzen,68,Corporate / institutional IT,Public / education / healthcare,Healthcare,Chur,,swissICT,1,88,58,33,0,,IT/digital directories: swissICT; Public/institutional IT-employer signal,Current hiring activity not yet verified; Website missing in source data,Selected — careers page and hiring verification pending
401,Kantonsspital St. Gallen,68,Corporate / institutional IT,Public / education / healthcare,Healthcare,St. Gallen,,swissICT,1,88,58,33,0,,IT/digital directories: swissICT; Public/institutional IT-employer signal,Current hiring activity not yet verified; Website missing in source data,Selected — careers page and hiring verification pending
402,anteris helvetia AG - Kymanox Europe,67.7,Corporate / institutional IT,Pharma / life sciences,,,https://www.swissbiotech.org/listing/kymanox/,Swiss Biotech Association,1,70,69,60,0,helvetia,High-tech directories: Swiss Biotech Association; Recognisable large-employer signal; Website available,Current hiring activity not yet verified,Selected — careers page and hiring verification pending
403,Rösler Schweiz AG,67.4,Industrial / deep tech,,,Canton of Aargau; Kirchleerau,https://www.rosler.com/,Swiss Aerospace Cluster; Swiss Medtech; Swissmem,3,67.8,49,94,0,,"High-tech directories: Swiss Aerospace Cluster, Swiss Medtech, Swissmem; Confirmed by 3 independent directories; Website available",Current hiring activity not yet verified,Selected — careers page and hiring verification pending
404,Jabil Switzerland Manufacturing GmbH,67.2,Industrial / deep tech,,,Bettlach; Canton of Solothurn; Hägendorf; Mezzovico; Raron,https://www.jabil.com/,Swiss Medtech; Swissmechanic; Swissmem,3,65.4,49,99,0,,"High-tech directories: Swiss Medtech, Swissmechanic, Swissmem; Confirmed by 3 independent directories; Website available",Current hiring activity not yet verified,Selected — careers page and hiring verification pending
405,TRUMPF Schweiz AG,67.2,Industrial / deep tech,,,Canton of Graubünden; Grüsch,https://www.ch.trumpf.com/,Swiss Medtech; Swissmechanic; Swissmem,3,65.4,49,99,0,,"High-tech directories: Swiss Medtech, Swissmechanic, Swissmem; Confirmed by 3 independent directories; Website available",Current hiring activity not yet verified,Selected — careers page and hiring verification pending
406,Baitella AG,65.7,Industrial / deep tech,,,Canton of Zurich; Zürich,https://www.fisso.com/,Swiss Medtech; Swissmechanic; Swissmem,3,65.4,44,99,0,,"High-tech directories: Swiss Medtech, Swissmechanic, Swissmem; Confirmed by 3 independent directories; Website available",Current hiring activity not yet verified,Selected — careers page and hiring verification pending
407,Bangerter Microtechnik AG,65.7,Industrial / deep tech,,,Aarberg; Canton of Bern,https://www.bangerter.com/,Swiss Medtech; Swissmechanic; Swissmem,3,65.4,44,99,0,,"High-tech directories: Swiss Medtech, Swissmechanic, Swissmem; Confirmed by 3 independent directories; Website available",Current hiring activity not yet verified,Selected — careers page and hiring verification pending
408,ECOPARTS AG,65.7,Industrial / deep tech,,,Hinwil,https://www.ecoparts.ch,Swiss Aerospace Cluster; Swissmechanic; Swissmem,3,65.4,44,99,0,,"High-tech directories: Swiss Aerospace Cluster, Swissmechanic, Swissmem; Confirmed by 3 independent directories; Website available",Current hiring activity not yet verified,Selected — careers page and hiring verification pending
409,Fraisa SA,65.7,Industrial / deep tech,,,Bellach; Canton of Solothurn,https://www.fraisa.com/,Swiss Medtech; Swissmechanic; Swissmem,3,65.4,44,99,0,,"High-tech directories: Swiss Medtech, Swissmechanic, Swissmem; Confirmed by 3 independent directories; Website available",Current hiring activity not yet verified,Selected — careers page and hiring verification pending
410,Gloor Präzisionswerkzeuge AG,65.7,Industrial / deep tech,,,Canton of Solothurn; Grenchen,https://www.gloorag.ch/,Swiss Medtech; Swissmechanic; Swissmem,3,65.4,44,99,0,,"High-tech directories: Swiss Medtech, Swissmechanic, Swissmem; Confirmed by 3 independent directories; Website available",Current hiring activity not yet verified,Selected — careers page and hiring verification pending
411,Härterei Gerster AG,65.7,Industrial / deep tech,,,Canton of Solothurn; Egerkingen,https://www.gerster.ch/,Swiss Medtech; Swissmechanic; Swissmem,3,65.4,44,99,0,,"High-tech directories: Swiss Medtech, Swissmechanic, Swissmem; Confirmed by 3 independent directories; Website available",Current hiring activity not yet verified,Selected — careers page and hiring verification pending
412,Knoepfel AG,65.7,Industrial / deep tech,,,Walzenhausen,https://www.knoepfel.ch,Swiss Aerospace Cluster; Swissmechanic; Swissmem,3,65.4,44,99,0,,"High-tech directories: Swiss Aerospace Cluster, Swissmechanic, Swissmem; Confirmed by 3 independent directories; Website available",Current hiring activity not yet verified,Selected — careers page and hiring verification pending
413,Mecaplex AG,65.7,Industrial / deep tech,,,Grenchen,https://www.mecaplex.ch,Swiss Aerospace Cluster; Swissmechanic; Swissmem,3,65.4,44,99,0,,"High-tech directories: Swiss Aerospace Cluster, Swissmechanic, Swissmem; Confirmed by 3 independent directories; Website available",Current hiring activity not yet verified,Selected — careers page and hiring verification pending
414,Paoluzzo AG,65.7,Industrial / deep tech,,,Ipsach,https://www.paoluzzo.ch,Swiss Aerospace Cluster; Swissmechanic; Swissmem,3,65.4,44,99,0,,"High-tech directories: Swiss Aerospace Cluster, Swissmechanic, Swissmem; Confirmed by 3 independent directories; Website available",Current hiring activity not yet verified,Selected — careers page and hiring verification pending
415,PB Swiss Tools AG,65.7,Industrial / deep tech,,,Canton of Bern; Wasen im Emmental,https://www.pbswisstools.com/,Swiss Medtech; Swissmechanic; Swissmem,3,65.4,44,99,0,,"High-tech directories: Swiss Medtech, Swissmechanic, Swissmem; Confirmed by 3 independent directories; Website available",Current hiring activity not yet verified,Selected — careers page and hiring verification pending
416,Rotomed AG,65.7,Industrial / deep tech,,,Bellach; Canton of Solothurn,https://www.rotomed.ch/,Swiss Medtech; Swissmechanic; Swissmem,3,65.4,44,99,0,,"High-tech directories: Swiss Medtech, Swissmechanic, Swissmem; Confirmed by 3 independent directories; Website available",Current hiring activity not yet verified,Selected — careers page and hiring verification pending
417,Rychiger AG,65.7,Industrial / deep tech,,,Canton of Bern; Steffisburg,https://www.rychiger.com/,Swiss Medtech; Swissmechanic; Swissmem,3,65.4,44,99,0,,"High-tech directories: Swiss Medtech, Swissmechanic, Swissmem; Confirmed by 3 independent directories; Website available",Current hiring activity not yet verified,Selected — careers page and hiring verification pending
418,Wild & Küpfer AG,65.7,Industrial / deep tech,,,Canton of St. Gallen; Schmerikon,https://www.wildkuepfer.ch/,Swiss Medtech; Swissmechanic; Swissmem,3,65.4,44,99,0,,"High-tech directories: Swiss Medtech, Swissmechanic, Swissmem; Confirmed by 3 independent directories; Website available",Current hiring activity not yet verified,Selected — careers page and hiring verification pending
419,"Sauter, Bachmann AG",65.6,Industrial / deep tech,,,Netstal,https://www.sauterbachmann.ch,Swiss Aerospace Cluster; Swissmem; Swissrail,3,67.2,44,94,0,,"High-tech directories: Swiss Aerospace Cluster, Swissmem, Swissrail; Confirmed by 3 independent directories; Website available",Current hiring activity not yet verified,Selected — careers page and hiring verification pending
420,BELIMO Automation AG,65,Industrial / deep tech,,,Hinwil; Zürich,https://www.belimo.com,swisscleantech; Swissmem; Swissrail,3,64,44,99,0,,"High-tech directories: Swissmem, Swissrail, swisscleantech; Confirmed by 3 independent directories; Website available",Current hiring activity not yet verified,Selected — careers page and hiring verification pending
421,Bartholet Ropeways AG,64.5,Industrial / deep tech,,,Flums,https://www.bartholet.swiss,Swissmechanic; Swissmem; Swissrail,3,63,44,99,0,,"High-tech directories: Swissmechanic, Swissmem, Swissrail; Confirmed by 3 independent directories; Website available",Current hiring activity not yet verified,Selected — careers page and hiring verification pending
422,Garaventa AG,64.5,Industrial / deep tech,,,Goldau; Rotkreuz,https://www.garaventa.com,Swissmechanic; Swissmem; Swissrail,3,63,44,99,0,,"High-tech directories: Swissmechanic, Swissmem, Swissrail; Confirmed by 3 independent directories; Website available",Current hiring activity not yet verified,Selected — careers page and hiring verification pending
423,Banque Cantonale du Jura SA,64.4,Corporate / institutional IT,Finance / insurance,,2900 Porrentruy; Jura; Porrentruy 2,http://www.bcj.ch/,FINMA; Swiss Banking; swisscleantech,3,53.2,60,99,0,,"Institutional signal: FINMA, Swiss Banking; High-tech directories: swisscleantech; Confirmed by 3 independent directories; Website available",Current hiring activity not yet verified,Selected — careers page and hiring verification pending
424,Biral AG,64.1,Industrial / deep tech,,,Bern; Münsingen,https://www.biral.ch,swisscleantech; Swissmechanic; Swissmem,3,62.2,44,99,0,,"High-tech directories: Swissmechanic, Swissmem, swisscleantech; Confirmed by 3 independent directories; Website available",Current hiring activity not yet verified,Selected — careers page and hiring verification pending
425,Ypsomed AG,63.9,Industrial / deep tech,,,Bern; Burgdorf; Canton of Bern; Solothurn,https://www.ypsomed.com/,Swiss Medtech; swisscleantech; Swissmechanic,3,64.2,40,99,0,,"High-tech directories: Swiss Medtech, Swissmechanic, swisscleantech; Confirmed by 3 independent directories; Website available",Current hiring activity not yet verified,Selected — careers page and hiring verification pending
426,Stäubli Electrical Connectors AG,63.3,Industrial / deep tech,,,Allschwil,https://www.multi-contact.com,Swissmechanic; Swissmem; Swissolar,3,60.6,44,99,0,,"High-tech directories: Swissmechanic, Swissmem, Swissolar; Confirmed by 3 independent directories; Website available",Current hiring activity not yet verified,Selected — careers page and hiring verification pending
427,Besi Switzerland AG,62.3,Industrial / deep tech,,,Steinhausen,https://www.besi.com,Swissmem; Swissphotonics,2,63.8,44,86,0,,"High-tech directories: Swissmem, Swissphotonics; Confirmed by 2 independent directories; Website available",Current hiring activity not yet verified,Selected — careers page and hiring verification pending
428,COHERENT Switzerland AG,62.3,Industrial / deep tech,,,Belp,https://www.coherent.ch,Swissmem; Swissphotonics,2,63.8,44,86,0,,"High-tech directories: Swissmem, Swissphotonics; Confirmed by 2 independent directories; Website available",Current hiring activity not yet verified,Selected — careers page and hiring verification pending
429,Fresenius Kabi (Schweiz) AG,61.2,Industrial / deep tech,,,Am Mattenhof 4 6010 Kriens; Canton of Lucerne,https://www.fresenius-kabi.com/,scienceindustries; Swiss Medtech,2,58,50,86,0,,"High-tech directories: Swiss Medtech, scienceindustries; Confirmed by 2 independent directories; Website available",Current hiring activity not yet verified,Selected — careers page and hiring verification pending
430,Merz Aesthetics (Schweiz) AG,61.2,Industrial / deep tech,,,Canton of Basel-Country; Lachenstrasse 1 4123 Allschwil,https://www.merz-aesthetics.ch/,scienceindustries; Swiss Medtech,2,58,50,86,0,,"High-tech directories: Swiss Medtech, scienceindustries; Confirmed by 2 independent directories; Website available",Current hiring activity not yet verified,Selected — careers page and hiring verification pending
431,ANDRITZ SOUTEC AG,60.8,Industrial / deep tech,,,Neftenbach,https://www.soutec.com,Swissmem; Swissphotonics,2,63.8,39,86,0,,"High-tech directories: Swissmem, Swissphotonics; Confirmed by 2 independent directories; Website available",Current hiring activity not yet verified,Selected — careers page and hiring verification pending
432,APM Technica AG,60.8,Industrial / deep tech,,,Heerbrugg,https://www.apm-technica.com,Swissmem; Swissphotonics,2,63.8,39,86,0,,"High-tech directories: Swissmem, Swissphotonics; Confirmed by 2 independent directories; Website available",Current hiring activity not yet verified,Selected — careers page and hiring verification pending
433,Axetris AG,60.8,Industrial / deep tech,,,Kägiswil,http://www.axetris.com,Swissmem; Swissphotonics,2,63.8,39,86,0,,"High-tech directories: Swissmem, Swissphotonics; Confirmed by 2 independent directories; Website available",Current hiring activity not yet verified,Selected — careers page and hiring verification pending
434,Bystronic Laser AG,60.8,Industrial / deep tech,,,Niederönz,https://www.bystronic.com,Swissmem; Swissphotonics,2,63.8,39,86,0,,"High-tech directories: Swissmem, Swissphotonics; Confirmed by 2 independent directories; Website available",Current hiring activity not yet verified,Selected — careers page and hiring verification pending
435,Cassio-P SA,60.8,Industrial / deep tech,,,Neuchâtel,https://www.cassio-p.com,Swissmem; Swissphotonics,2,63.8,39,86,0,,"High-tech directories: Swissmem, Swissphotonics; Confirmed by 2 independent directories; Website available",Current hiring activity not yet verified,Selected — careers page and hiring verification pending
436,CEDES AG,60.8,Industrial / deep tech,,,Landquart,https://www.cedes.com,Swissmem; Swissphotonics,2,63.8,39,86,0,,"High-tech directories: Swissmem, Swissphotonics; Confirmed by 2 independent directories; Website available",Current hiring activity not yet verified,Selected — careers page and hiring verification pending
437,coatmaster AG,60.8,Industrial / deep tech,,,Winterthur,https://www. coatmaster.com,Swissmem; Swissphotonics,2,63.8,39,86,0,,"High-tech directories: Swissmem, Swissphotonics; Confirmed by 2 independent directories; Website available",Current hiring activity not yet verified,Selected — careers page and hiring verification pending
438,esp-engineering gmbh,60.8,Industrial / deep tech,,,Gais,https://esp-engineering.com/kontakt/,Swissmem; Swissphotonics,2,63.8,39,86,0,,"High-tech directories: Swissmem, Swissphotonics; Confirmed by 2 independent directories; Website available",Current hiring activity not yet verified,Selected — careers page and hiring verification pending
439,ESPROS Photonics AG,60.8,Industrial / deep tech,,,Sargans,https://www.espros.ch,Swissmem; Swissphotonics,2,63.8,39,86,0,,"High-tech directories: Swissmem, Swissphotonics; Confirmed by 2 independent directories; Website available",Current hiring activity not yet verified,Selected — careers page and hiring verification pending
440,Evatec AG,60.8,Industrial / deep tech,,,Trübbach,https://www.evatecnet.com,Swissmem; Swissphotonics,2,63.8,39,86,0,,"High-tech directories: Swissmem, Swissphotonics; Confirmed by 2 independent directories; Website available",Current hiring activity not yet verified,Selected — careers page and hiring verification pending
441,IMT Masken und Teilungen AG,60.8,Industrial / deep tech,,,Greifensee,https://www.imtag.ch,Swissmem; Swissphotonics,2,63.8,39,86,0,,"High-tech directories: Swissmem, Swissphotonics; Confirmed by 2 independent directories; Website available",Current hiring activity not yet verified,Selected — careers page and hiring verification pending
442,INFICON AG,60.8,Industrial / deep tech,,,Balzers,https://www.inficon.com,Swissmem; Swissphotonics,2,63.8,39,86,0,,"High-tech directories: Swissmem, Swissphotonics; Confirmed by 2 independent directories; Website available",Current hiring activity not yet verified,Selected — careers page and hiring verification pending
443,inspire AG,60.8,Industrial / deep tech,,,Zürich,https://www.inspire.ch,Swissmem; Swissphotonics,2,63.8,39,86,0,,"High-tech directories: Swissmem, Swissphotonics; Confirmed by 2 independent directories; Website available",Current hiring activity not yet verified,Selected — careers page and hiring verification pending
444,Carpenter Engineered Foams Switzerland AG,60.2,Industrial / deep tech,,,Oberwolfhauserstrasse 9 8633 Wolfhausen; Wolfhausen,https://www.recticelengineeredfoams.com,scienceindustries; Swissmem,2,56,50,86,0,,"High-tech directories: Swissmem, scienceindustries; Confirmed by 2 independent directories; Website available",Current hiring activity not yet verified,Selected — careers page and hiring verification pending
445,Ascom Holding AG,59.8,Industrial / deep tech,,,Baar; Canton of Zug,https://www.ascom.com/de-ch,Swiss Medtech; Swissmem,2,58.8,44,86,0,,"High-tech directories: Swiss Medtech, Swissmem; Confirmed by 2 independent directories; Website available",Current hiring activity not yet verified,Selected — careers page and hiring verification pending
446,Beyond Gravity Schweiz AG,59.8,Industrial / deep tech,,,Zürich,https://www.beyondgravity.com/en,Swiss Aerospace Cluster; Swissmem,2,58.8,44,86,0,,"High-tech directories: Swiss Aerospace Cluster, Swissmem; Confirmed by 2 independent directories; Website available",Current hiring activity not yet verified,Selected — careers page and hiring verification pending
447,Dräger Schweiz AG,59.8,Industrial / deep tech,,,Canton of Bern; Liebefeld,https://www.draeger.com/,Swiss Medtech; Swissmem,2,58.8,44,86,0,,"High-tech directories: Swiss Medtech, Swissmem; Confirmed by 2 independent directories; Website available",Current hiring activity not yet verified,Selected — careers page and hiring verification pending
448,GE Medical Systems (Schweiz) AG,59.8,Industrial / deep tech,,,Canton of Zurich; Glattbrugg,https://www.gehealthcare.de/,Swiss Medtech; Swissmem,2,58.8,44,86,0,,"High-tech directories: Swiss Medtech, Swissmem; Confirmed by 2 independent directories; Website available",Current hiring activity not yet verified,Selected — careers page and hiring verification pending
449,medmix Switzerland AG,59.8,Industrial / deep tech,,,Canton of St. Gallen; Haag (Rheintal),https://www.medmix.swiss/,Swiss Medtech; Swissmem,2,58.8,44,86,0,,"High-tech directories: Swiss Medtech, Swissmem; Confirmed by 2 independent directories; Website available",Current hiring activity not yet verified,Selected — careers page and hiring verification pending
450,Mercury Mission Systems International S.A.,59.8,Industrial / deep tech,,,Grand-Lancy,https://www.mrcy.com,Swiss Aerospace Cluster; Swissmem,2,58.8,44,86,0,,"High-tech directories: Swiss Aerospace Cluster, Swissmem; Confirmed by 2 independent directories; Website available",Current hiring activity not yet verified,Selected — careers page and hiring verification pending
451,"Mikron Switzerland AG, Agno",59.8,Industrial / deep tech,,,Agno; Canton of Ticino,https://www.mikrontool.com/,Swiss Medtech; Swissmem,2,58.8,44,86,0,,"High-tech directories: Swiss Medtech, Swissmem; Confirmed by 2 independent directories; Website available",Current hiring activity not yet verified,Selected — careers page and hiring verification pending
452,STERIS Schweiz AG,59.8,Industrial / deep tech,,,Canton of Solothurn; Däniken SO,https://www.steris.com/,Swiss Medtech; Swissmem,2,58.8,44,86,0,,"High-tech directories: Swiss Medtech, Swissmem; Confirmed by 2 independent directories; Website available",Current hiring activity not yet verified,Selected — careers page and hiring verification pending
453,Trelleborg Sealing Solutions Switzerland SA,59.8,Industrial / deep tech,,,Canton of Vaud; Crissier,https://www.trelleborg.com/de-de/seals,Swiss Medtech; Swissmem,2,58.8,44,86,0,,"High-tech directories: Swiss Medtech, Swissmem; Confirmed by 2 independent directories; Website available",Current hiring activity not yet verified,Selected — careers page and hiring verification pending
454,Agathon AG,59.7,Industrial / deep tech,,,Canton of Solothurn,https://www.agathon.ch/,Swiss Medtech; Swissphotonics,2,64,35,86,0,,"High-tech directories: Swiss Medtech, Swissphotonics; Confirmed by 2 independent directories; Website available",Current hiring activity not yet verified,Selected — careers page and hiring verification pending
455,Baxter AG,59.7,Industrial / deep tech,,,Canton of Zurich; Thurgauerstrasse 130 8152 Glattpark-Opfikon,https://www.baxter.ch/,scienceindustries; Swiss Medtech,2,58,45,86,0,,"High-tech directories: Swiss Medtech, scienceindustries; Confirmed by 2 independent directories; Website available",Current hiring activity not yet verified,Selected — careers page and hiring verification pending
456,Borer Chemie AG,59.7,Industrial / deep tech,,,Canton of Solothurn; Gewerbestrasse 13 4528 Zuchwil,https://www.borer.ch/,scienceindustries; Swiss Medtech,2,58,45,86,0,,"High-tech directories: Swiss Medtech, scienceindustries; Confirmed by 2 independent directories; Website available",Current hiring activity not yet verified,Selected — careers page and hiring verification pending
457,COMSOL Multiphysics GmbH,59.7,Industrial / deep tech,,,Canton of Zurich,https://www.comsol.ch/,Swiss Medtech; Swissphotonics,2,64,35,86,0,,"High-tech directories: Swiss Medtech, Swissphotonics; Confirmed by 2 independent directories; Website available",Current hiring activity not yet verified,Selected — careers page and hiring verification pending
458,FEMTOprint SA,59.7,Industrial / deep tech,,,Canton of Ticino,https://www.femtoprint.ch/,Swiss Medtech; Swissphotonics,2,64,35,86,0,,"High-tech directories: Swiss Medtech, Swissphotonics; Confirmed by 2 independent directories; Website available",Current hiring activity not yet verified,Selected — careers page and hiring verification pending
459,Galderma SA,59.7,Industrial / deep tech,,,Canton of Zug; Zählerweg 10 6300 Zug,https://www.galderma.com/switzerland,scienceindustries; Swiss Medtech,2,58,45,86,0,,"High-tech directories: Swiss Medtech, scienceindustries; Confirmed by 2 independent directories; Website available",Current hiring activity not yet verified,Selected — careers page and hiring verification pending
460,Geistlich Pharma AG,59.7,Industrial / deep tech,,,Bahnhofstrasse 40 6110 Wolhusen; Canton of Lucerne,https://www.geistlich-pharma.com/de,scienceindustries; Swiss Medtech,2,58,45,86,0,,"High-tech directories: Swiss Medtech, scienceindustries; Confirmed by 2 independent directories; Website available",Current hiring activity not yet verified,Selected — careers page and hiring verification pending
461,Institut Straumann AG,59.7,Industrial / deep tech,,,Canton of Basel-City; Peter Merian-Weg 12 4052 Basel,https://www.straumann.ch/,scienceindustries; Swiss Medtech,2,58,45,86,0,,"High-tech directories: Swiss Medtech, scienceindustries; Confirmed by 2 independent directories; Website available",Current hiring activity not yet verified,Selected — careers page and hiring verification pending
462,Verfora AG,59.7,Industrial / deep tech,,,Canton of Freiburg; Route de Moncor 12 1752 Villars-sur-Glâne 1,https://www.verfora.ch/,scienceindustries; Swiss Medtech,2,58,45,86,0,,"High-tech directories: Swiss Medtech, scienceindustries; Confirmed by 2 independent directories; Website available",Current hiring activity not yet verified,Selected — careers page and hiring verification pending
463,Everllence Schweiz AG,59.2,Industrial / deep tech,,,Zürich,https://www.everllence.com,swisscleantech; Swissmem,2,55.6,44,91,0,,"High-tech directories: Swissmem, swisscleantech; Confirmed by 2 independent directories; Website available",Current hiring activity not yet verified,Selected — careers page and hiring verification pending
464,ALTEN Switzerland AG,59,Industrial / deep tech,,,Canton of Zug; Zug,https://www.alten.ch/,Swiss Medtech; swisscleantech,2,57.6,40,91,0,,"High-tech directories: Swiss Medtech, swisscleantech; Confirmed by 2 independent directories; Website available",Current hiring activity not yet verified,Selected — careers page and hiring verification pending
465,Adams Schweiz AG,58.7,Industrial / deep tech,,,Serneus,https://www.adams-armaturen.ch,Swissmechanic; Swissmem,2,54.6,44,91,0,,"High-tech directories: Swissmechanic, Swissmem; Confirmed by 2 independent directories; Website available",Current hiring activity not yet verified,Selected — careers page and hiring verification pending
466,ADM International Sàrl,58.7,Industrial / deep tech,,,"A One Business Center, La Pièce 3 1180 Rolle",https://www.pancosma.com,scienceindustries; Swiss Biotech Association,2,53,50,86,0,,"High-tech directories: Swiss Biotech Association, scienceindustries; Confirmed by 2 independent directories; Website available",Current hiring activity not yet verified,Selected — careers page and hiring verification pending
467,BERNINA International AG,58.7,Industrial / deep tech,,,Steckborn,https://www.bernina.com,Swissmechanic; Swissmem,2,54.6,44,91,0,,"High-tech directories: Swissmechanic, Swissmem; Confirmed by 2 independent directories; Website available",Current hiring activity not yet verified,Selected — careers page and hiring verification pending
468,BIG DAISHOWA Switzerland AG,58.7,Industrial / deep tech,,,Rümlang,https://www.bigdaishowa.eu,Swissmechanic; Swissmem,2,54.6,44,91,0,,"High-tech directories: Swissmechanic, Swissmem; Confirmed by 2 independent directories; Website available",Current hiring activity not yet verified,Selected — careers page and hiring verification pending
469,DKSH Schweiz AG,58.7,Industrial / deep tech,,,Wiesenstrasse 8 8034 Zürich,https://www.dksh.com,scienceindustries; Swiss Biotech Association,2,53,50,86,0,,"High-tech directories: Swiss Biotech Association, scienceindustries; Confirmed by 2 independent directories; Website available",Current hiring activity not yet verified,Selected — careers page and hiring verification pending
470,Feintool International Holding AG,58.7,Industrial / deep tech,,,Lyss,http://www.feintool.com/,Swissmechanic; Swissmem,2,54.6,44,91,0,,"High-tech directories: Swissmechanic, Swissmem; Confirmed by 2 independent directories; Website available",Current hiring activity not yet verified,Selected — careers page and hiring verification pending
471,FlexLink Switzerland GmbH,58.7,Industrial / deep tech,,,Wollerau,https://www.flexlink.com,Swissmechanic; Swissmem,2,54.6,44,91,0,,"High-tech directories: Swissmechanic, Swissmem; Confirmed by 2 independent directories; Website available",Current hiring activity not yet verified,Selected — careers page and hiring verification pending
472,Flowserve SIHI (Schweiz) GmbH,58.7,Industrial / deep tech,,,Schaffhausen,https://www.sterlingsihi.com,Swissmechanic; Swissmem,2,54.6,44,91,0,,"High-tech directories: Swissmechanic, Swissmem; Confirmed by 2 independent directories; Website available",Current hiring activity not yet verified,Selected — careers page and hiring verification pending
473,Heidenhain (Schweiz) AG,58.7,Industrial / deep tech,,,Schwerzenbach,https://www.heidenhain.ch,Swissmechanic; Swissmem,2,54.6,44,91,0,,"High-tech directories: Swissmechanic, Swissmem; Confirmed by 2 independent directories; Website available",Current hiring activity not yet verified,Selected — careers page and hiring verification pending
474,Mikron Switzerland AG,58.7,Industrial / deep tech,,,Boudry; Langenthal,https://www.mikron.com,Swissmechanic; Swissmem,2,54.6,44,91,0,,"High-tech directories: Swissmechanic, Swissmem; Confirmed by 2 independent directories; Website available",Current hiring activity not yet verified,Selected — careers page and hiring verification pending
475,RHI Magnesita Switzerland AG,58.7,Industrial / deep tech,,,Hünenberg; Pfäffikon SZ,https://www.rhimagnesita.com/de/interstop/,Swissmechanic; Swissmem,2,54.6,44,91,0,,"High-tech directories: Swissmechanic, Swissmem; Confirmed by 2 independent directories; Website available",Current hiring activity not yet verified,Selected — careers page and hiring verification pending
476,Rommelag Engineering Switzerland AG,58.7,Industrial / deep tech,,,Buchs AG; Reitnau,https://www.rommelag.com,Swissmechanic; Swissmem,2,54.6,44,91,0,,"High-tech directories: Swissmechanic, Swissmem; Confirmed by 2 independent directories; Website available",Current hiring activity not yet verified,Selected — careers page and hiring verification pending
477,SFS Group Schweiz AG,58.7,Industrial / deep tech,,,Heerbrugg,https://www.sfs.com,Swissmechanic; Swissmem,2,54.6,44,91,0,,"High-tech directories: Swissmechanic, Swissmem; Confirmed by 2 independent directories; Website available",Current hiring activity not yet verified,Selected — careers page and hiring verification pending
478,SMC Schweiz AG,58.7,Industrial / deep tech,,,Weisslingen,https://www.smc.ch,Swissmechanic; Swissmem,2,54.6,44,91,0,,"High-tech directories: Swissmechanic, Swissmem; Confirmed by 2 independent directories; Website available",Current hiring activity not yet verified,Selected — careers page and hiring verification pending
479,United Machining Sales Switzerland SA,58.7,Industrial / deep tech,,,Losone,https://www.gfms.com,Swissmechanic; Swissmem,2,54.6,44,91,0,,"High-tech directories: Swissmechanic, Swissmem; Confirmed by 2 independent directories; Website available",Current hiring activity not yet verified,Selected — careers page and hiring verification pending
480,WIKA Schweiz AG,58.7,Industrial / deep tech,,,Hitzkirch,https://www.wika.ch,Swissmechanic; Swissmem,2,54.6,44,91,0,,"High-tech directories: Swissmechanic, Swissmem; Confirmed by 2 independent directories; Website available",Current hiring activity not yet verified,Selected — careers page and hiring verification pending
481,ALSTOM Schweiz AG,58.6,Industrial / deep tech,,,Zürich,https://www.alstom.com,Swissmem; Swissrail,2,56.4,44,86,0,,"High-tech directories: Swissmem, Swissrail; Confirmed by 2 independent directories; Website available",Current hiring activity not yet verified,Selected — careers page and hiring verification pending
482,Knorr-Bremse Rail Systems Schweiz AG,58.6,Industrial / deep tech,,,Wallisellen,https://www.knorr-bremse.ch,Swissmem; Swissrail,2,56.4,44,86,0,,"High-tech directories: Swissmem, Swissrail; Confirmed by 2 independent directories; Website available",Current hiring activity not yet verified,Selected — careers page and hiring verification pending
483,Linxon Switzerland Ltd,58.6,Industrial / deep tech,,,Baden,https://www.linxon.com,Swissmem; Swissrail,2,56.4,44,86,0,,"High-tech directories: Swissmem, Swissrail; Confirmed by 2 independent directories; Website available",Current hiring activity not yet verified,Selected — careers page and hiring verification pending
484,Vogel Communications Group AG,58.5,Industrial / deep tech,,,Canton of Zurich; Thalwil,https://www.vogel-communications.ch/,Swiss Medtech; Swissmechanic,2,56.6,40,91,0,,"High-tech directories: Swiss Medtech, Swissmechanic; Confirmed by 2 independent directories; Website available",Current hiring activity not yet verified,Selected — careers page and hiring verification pending
485,Walter (Schweiz) AG,58.5,Industrial / deep tech,,,Canton of Solothurn; Solothurn,https://www.walter-tools.com/,Swiss Medtech; Swissmechanic,2,56.6,40,91,0,,"High-tech directories: Swiss Medtech, Swissmechanic; Confirmed by 2 independent directories; Website available",Current hiring activity not yet verified,Selected — careers page and hiring verification pending
486,Eurofins BioPharma Product Testing Switzerland AG,58.4,Industrial / deep tech,,,Canton of Solothurn,https://www.eurofins.ch/,Swiss Biotech Association; Swiss Medtech,2,58.4,40,86,0,,"High-tech directories: Swiss Biotech Association, Swiss Medtech; Confirmed by 2 independent directories; Website available",Current hiring activity not yet verified,Selected — careers page and hiring verification pending
487,FRONIUS Schweiz AG,58.4,Industrial / deep tech,,,Rümlang,https://www.fronius.com,Swissmem; Swissolar,2,54,44,91,0,,"High-tech directories: Swissmem, Swissolar; Confirmed by 2 independent directories; Website available",Current hiring activity not yet verified,Selected — careers page and hiring verification pending
488,GS1 Schweiz,58.4,Industrial / deep tech,,,Canton of Bern,https://www.gs1.ch/,Swiss Medtech; Swissrail,2,58.4,40,86,0,,"High-tech directories: Swiss Medtech, Swissrail; Confirmed by 2 independent directories; Website available",Current hiring activity not yet verified,Selected — careers page and hiring verification pending
489,Aartech GmbH,58.3,Industrial / deep tech,,,Canton of Aargau; Kleindöttingen,https://www.aartech.ch/,Swiss Medtech; Swissmem,2,58.8,39,86,0,,"High-tech directories: Swiss Medtech, Swissmem; Confirmed by 2 independent directories; Website available",Current hiring activity not yet verified,Selected — careers page and hiring verification pending
490,Aegerter Swiss Technology AG,58.3,Industrial / deep tech,,,Heimberg,https://www.aegerterag.ch,Swiss Aerospace Cluster; Swissmem,2,58.8,39,86,0,,"High-tech directories: Swiss Aerospace Cluster, Swissmem; Confirmed by 2 independent directories; Website available",Current hiring activity not yet verified,Selected — careers page and hiring verification pending
491,Aersolution Interior AG,58.3,Industrial / deep tech,,,Altdorf UR,https://www.aersolution.com,Swiss Aerospace Cluster; Swissmem,2,58.8,39,86,0,,"High-tech directories: Swiss Aerospace Cluster, Swissmem; Confirmed by 2 independent directories; Website available",Current hiring activity not yet verified,Selected — careers page and hiring verification pending
492,alphacam swiss GmbH,58.3,Industrial / deep tech,,,Winterthur,https://www.alphacam.ch,Swiss Aerospace Cluster; Swissmem,2,58.8,39,86,0,,"High-tech directories: Swiss Aerospace Cluster, Swissmem; Confirmed by 2 independent directories; Website available",Current hiring activity not yet verified,Selected — careers page and hiring verification pending
493,Aptasic SA,58.3,Industrial / deep tech,,,Boudry; Canton of Neuenburg,https://www.aptasic.ch/,Swiss Medtech; Swissmem,2,58.8,39,86,0,,"High-tech directories: Swiss Medtech, Swissmem; Confirmed by 2 independent directories; Website available",Current hiring activity not yet verified,Selected — careers page and hiring verification pending
494,Aurora Swiss Aerospace GmbH,58.3,Industrial / deep tech,,,Luzern,https://www.aurora-aero.ch,Swiss Aerospace Cluster; Swissmem,2,58.8,39,86,0,,"High-tech directories: Swiss Aerospace Cluster, Swissmem; Confirmed by 2 independent directories; Website available",Current hiring activity not yet verified,Selected — careers page and hiring verification pending
495,Axalp Technologies AG,58.3,Industrial / deep tech,,,Olten,https://www.axalptech.com,Swiss Aerospace Cluster; Swissmem,2,58.8,39,86,0,,"High-tech directories: Swiss Aerospace Cluster, Swissmem; Confirmed by 2 independent directories; Website available",Current hiring activity not yet verified,Selected — careers page and hiring verification pending
496,Balance Drive AG,58.3,Industrial / deep tech,,,Canton of Freiburg; Schmitten FR,https://balance-drive.com/,Swiss Medtech; Swissmem,2,58.8,39,86,0,,"High-tech directories: Swiss Medtech, Swissmem; Confirmed by 2 independent directories; Website available",Current hiring activity not yet verified,Selected — careers page and hiring verification pending
497,Beckhoff Automation AG,58.3,Industrial / deep tech,,,Canton of Schaffhausen; Schaffhausen,https://www.beckhoff.com/de-ch,Swiss Medtech; Swissmem,2,58.8,39,86,0,,"High-tech directories: Swiss Medtech, Swissmem; Confirmed by 2 independent directories; Website available",Current hiring activity not yet verified,Selected — careers page and hiring verification pending
498,Bernafon AG,58.3,Industrial / deep tech,,,Bern; Canton of Bern,https://www.bernafon.ch/,Swiss Medtech; Swissmem,2,58.8,39,86,0,,"High-tech directories: Swiss Medtech, Swissmem; Confirmed by 2 independent directories; Website available",Current hiring activity not yet verified,Selected — careers page and hiring verification pending
499,Blaser Swisslube AG,58.3,Industrial / deep tech,,,Canton of Bern; Hasle-Rüegsau,https://blaser.com/de,Swiss Medtech; Swissmem,2,58.8,39,86,0,,"High-tech directories: Swiss Medtech, Swissmem; Confirmed by 2 independent directories; Website available",Current hiring activity not yet verified,Selected — careers page and hiring verification pending
500,BridgeKo GmbH,58.3,Industrial / deep tech,,,Bern,https://www.bridgeko.ch,Swiss Aerospace Cluster; Swissmem,2,58.8,39,86,0,,"High-tech directories: Swiss Aerospace Cluster, Swissmem; Confirmed by 2 independent directories; Website available",Current hiring activity not yet verified,Selected — careers page and hiring verification pending